Protocollo;Gruppo;DataOraIncidente;Localizzazione1;STRADA1;Localizzazione2;STRADA2;Strada02;Chilometrica;DaSpecificare;NaturaIncidente;particolaritastrade;TipoStrada;FondoStradale;Pavimentazione;Segnaletica;CondizioneAtmosferica;Traffico;Visibilita;Illuminazione;NUM_FERITI;NUM_RISERVATA;NUM_MORTI;NUM_ILLESI;Longitudine;Latitudine;Confermato;Progressivo;TipoVeicolo;StatoVeicolo;TipoPersona;Sesso;Tipolesione;Deceduto;DecedutoDopo;CinturaCascoUtilizzato;Airbag
3159842;12;01/02/2017 09:10;Strada Urbana;PIAZZA GUGLIELMO MARCONI;all'intersezione con;VIA CRISTOFORO COLOMBO;VIA CRISTOFORO COLOMBO;;;Scontro laterale fra veicoli in marcia;Rotatoria;Due carreggiate;Asciutto;Asfaltata;Verticale ed orizzontale;Sereno;Normale;Buona;Ore Diurne;0;0;0;4;12.47048;41.8333;-1;1;Autovettura privata;In marcia / fermata / arresto;Conducente;M;Illeso;0;;Non accertato;Inesploso
3159842;12;01/02/2017 09:10;Strada Urbana;PIAZZA GUGLIELMO MARCONI;all'intersezione con;VIA CRISTOFORO COLOMBO;VIA CRISTOFORO COLOMBO;;;Scontro laterale fra veicoli in marcia;Rotatoria;Due carreggiate;Asciutto;Asfaltata;Verticale ed orizzontale;Sereno;Normale;Buona;Ore Diurne;0;0;0;4;12.47048;41.8333;-1;1;Autovettura privata;In marcia / fermata / arresto;Passeggero;M;Illeso;0;;Non accertato;Inesistente
3159842;12;01/02/2017 09:10;Strada Urbana;PIAZZA GUGLIELMO MARCONI;all'intersezione con;VIA CRISTOFORO COLOMBO;VIA CRISTOFORO COLOMBO;;;Scontro laterale fra veicoli in marcia;Rotatoria;Due carreggiate;Asciutto;Asfaltata;Verticale ed orizzontale;Sereno;Normale;Buona;Ore Diurne;0;0;0;4;12.47048;41.8333;-1;2;Autovettura privata;In marcia / fermata / arresto;Conducente;M;Illeso;0;;Non accertato;Inesploso
3159842;12;01/02/2017 09:10;Strada Urbana;PIAZZA GUGLIELMO MARCONI;all'intersezione con;VIA CRISTOFORO COLOMBO;VIA CRISTOFORO COLOMBO;;;Scontro laterale fra veicoli in marcia;Rotatoria;Due carreggiate;Asciutto;Asfaltata;Verticale ed orizzontale;Sereno;Normale;Buona;Ore Diurne;0;0;0;4;12.47048;41.8333;-1;2;Autovettura privata;In marcia / fermata / arresto;Passeggero;F;Illeso;0;;Non accertato;Inesploso
3159851;10;02/02/2017 13:30;Statale entro l'abitato;VIA TUSCOLANA;da specificare;;;;pross.via dei quintili;Scontro laterale fra veicoli in marcia;Rettilineo;Due carreggiate;Asciutto;Asfaltata;Verticale ed orizzontale;Nuvoloso;Normale;Buona;Ore Diurne;0;0;0;2;12.54799;41.86383;-1;1;Autovettura privata;In marcia / fermata / arresto;Conducente;M;Illeso;0;;Non accertato;Inesploso
3159851;10;02/02/2017 13:30;Statale entro l'abitato;VIA TUSCOLANA;da specificare;;;;pross.via dei quintili;Scontro laterale fra veicoli in marcia;Rettilineo;Due carreggiate;Asciutto;Asfaltata;Verticale ed orizzontale;Nuvoloso;Normale;Buona;Ore Diurne;0;0;0;2;12.54799;41.86383;-1;2;Autovettura privata;In marcia / fermata / arresto;Conducente;M;Illeso;0;;Non accertato;Inesploso
3159859;1;01/02/2017 17:00;Strada Urbana;PIAZZA VITTORIO EMANUELE II;in prossimità;;del civico n.;107;;Investimento di pedone;Rettilineo;Una carreggiata a doppio senso;Bagnato (pioggia);Asfaltata;Verticale ed orizzontale;Nuvoloso;Normale;Buona;Sufficiente;1;0;0;1;12.50399;41.89393;-1;;;;Pedone;M;Illeso;0;;;
3159859;1;01/02/2017 17:00;Strada Urbana;PIAZZA VITTORIO EMANUELE II;in prossimità;;del civico n.;107;;Investimento di pedone;Rettilineo;Una carreggiata a doppio senso;Bagnato (pioggia);Asfaltata;Verticale ed orizzontale;Nuvoloso;Normale;Buona;Sufficiente;1;0;0;1;12.50399;41.89393;-1;1;Motociclo a solo;In marcia / fermata / arresto;Conducente;M;Rifiuta cure immediate;0;NON DECEDUTO;;
3159885;1;01/02/2017 15:25;Strada Urbana;VIA DI PORTA MAGGIORE;in prossimità;;del civico n.;11;;Veicolo in marcia contro veicolo in sosta;Rettilineo;Una carreggiata a senso unico di marcia;Asciutto;Asfaltata;Verticale;Nuvoloso;Normale;Buona;Ore Diurne;0;0;0;1;12.51031;41.89317;-1;2;Autobus urbano;In marcia / fermata / arresto;Conducente;M;Illeso;0;;;
3159886;8;02/02/2017 00:30;Strada Urbana;VIA GIARRATANA;all'intersezione con;VIA SICULIANA;VIA SICULIANA;;;Veicolo in marcia contro ostacolo fisso;Intersezione non regolata/non segnalata;Una carreggiata a doppio senso;Asciutto;Asfaltata;Verticale ed orizzontale;Nuvoloso;Normale;Buona;Ore Diurne;1;0;0;1;12.6558;41.86832;-1;1;Autovettura privata;In marcia / fermata / arresto;Conducente;M;Illeso;0;;Non accertato;Inesploso
3159886;8;02/02/2017 00:30;Strada Urbana;VIA GIARRATANA;all'intersezione con;VIA SICULIANA;VIA SICULIANA;;;Veicolo in marcia contro ostacolo fisso;Intersezione non regolata/non segnalata;Una carreggiata a doppio senso;Asciutto;Asfaltata;Verticale ed orizzontale;Nuvoloso;Normale;Buona;Ore Diurne;1;0;0;1;12.6558;41.86832;-1;1;Autovettura privata;In marcia / fermata / arresto;Passeggero;M;Rimandato;0;NON DECEDUTO;Non accertato;Inesploso
3159959;1;02/02/2017 09:20;Strada Urbana;VIA MERULANA;in corrispondenza;;del civico n.;77;;Scontro laterale fra veicoli in marcia;Rettilineo;Una carreggiata a doppio senso;Asciutto;Asfaltata;Verticale ed orizzontale;Nuvoloso;Intenso;Buona;Ore Diurne;0;0;0;2;12.50186;41.89212;-1;1;Autovettura privata;In marcia / fermata / arresto;Conducente;M;Illeso;0;;Non accertato;Inesploso
3159959;1;02/02/2017 09:20;Strada Urbana;VIA MERULANA;in corrispondenza;;del civico n.;77;;Scontro laterale fra veicoli in marcia;Rettilineo;Una carreggiata a doppio senso;Asciutto;Asfaltata;Verticale ed orizzontale;Nuvoloso;Intenso;Buona;Ore Diurne;0;0;0;2;12.50186;41.89212;-1;2;Autovettura privata;In marcia / fermata / arresto;Conducente;M;Illeso;0;;Non accertato;Inesploso
3160012;1;02/02/2017 13:00;Strada Urbana;LUNGOTEVERE DELLA FARNESINA;da specificare;;;;in prossimità albero n.38;Tamponamento;Rettilineo;Una carreggiata a senso unico di marcia;Asciutto;Asfaltata;Verticale ed orizzontale;Nuvoloso;Intenso;Buona;Ore Diurne;2;0;0;3;12.46792;41.89374;-1;1;Autovettura di polizia;In marcia / fermata / arresto;Conducente;M;Rimandato;0;NON DECEDUTO;Non accertato;Inesploso
3160012;1;02/02/2017 13:00;Strada Urbana;LUNGOTEVERE DELLA FARNESINA;da specificare;;;;in prossimità albero n.38;Tamponamento;Rettilineo;Una carreggiata a senso unico di marcia;Asciutto;Asfaltata;Verticale ed orizzontale;Nuvoloso;Intenso;Buona;Ore Diurne;2;0;0;3;12.46792;41.89374;-1;1;Autovettura di polizia;In marcia / fermata / arresto;Passeggero;M;Illeso;0;;Non accertato;Inesploso
3160012;1;02/02/2017 13:00;Strada Urbana;LUNGOTEVERE DELLA FARNESINA;da specificare;;;;in prossimità albero n.38;Tamponamento;Rettilineo;Una carreggiata a senso unico di marcia;Asciutto;Asfaltata;Verticale ed orizzontale;Nuvoloso;Intenso;Buona;Ore Diurne;2;0;0;3;12.46792;41.89374;-1;1;Autovettura di polizia;In marcia / fermata / arresto;Passeggero;F;Illeso;0;;Non accertato;Inesploso
3160012;1;02/02/2017 13:00;Strada Urbana;LUNGOTEVERE DELLA FARNESINA;da specificare;;;;in prossimità albero n.38;Tamponamento;Rettilineo;Una carreggiata a senso unico di marcia;Asciutto;Asfaltata;Verticale ed orizzontale;Nuvoloso;Intenso;Buona;Ore Diurne;2;0;0;3;12.46792;41.89374;-1;1;Autovettura di polizia;In marcia / fermata / arresto;Passeggero;F;Rimandato;0;NON DECEDUTO;Non accertato;Inesploso
3160012;1;02/02/2017 13:00;Strada Urbana;LUNGOTEVERE DELLA FARNESINA;da specificare;;;;in prossimità albero n.38;Tamponamento;Rettilineo;Una carreggiata a senso unico di marcia;Asciutto;Asfaltata;Verticale ed orizzontale;Nuvoloso;Intenso;Buona;Ore Diurne;2;0;0;3;12.46792;41.89374;-1;2;Autocarro inferiore 35 q.;In marcia / fermata / arresto;Conducente;M;Illeso;0;;Non accertato;Inesploso
3160015;9;02/02/2017 14:00;;VIA VOGHERA;in prossimità;;del civico n.;37;;Veicoli in marcia contro veicolo fermo;;;;;;;;;;0;0;0;3;12.51995;41.88613;0;1;Autovettura privata;In marcia / fermata / arresto;Conducente;F;Illeso;0;;Non accertato;Inesploso
3160015;9;02/02/2017 14:00;;VIA VOGHERA;in prossimità;;del civico n.;37;;Veicoli in marcia contro veicolo fermo;;;;;;;;;;0;0;0;3;12.51995;41.88613;0;2;Autovettura privata;In marcia / fermata / arresto;Conducente;M;Illeso;0;;Non accertato;Inesploso
3160015;9;02/02/2017 14:00;;VIA VOGHERA;in prossimità;;del civico n.;37;;Veicoli in marcia contro veicolo fermo;;;;;;;;;;0;0;0;3;12.51995;41.88613;0;2;Autovettura privata;In marcia / fermata / arresto;Passeggero;F;Illeso;0;;Non accertato;Inesploso
3160102;12;02/02/2017 11:20;Provinciale;VIA ARDEATINA;in corrispondenza;;della chilometrica;15.5;;Scontro frontale fra veicoli in marcia;Rettilineo;Una carreggiata a doppio senso;Asciutto;Asfaltata;Verticale ed orizzontale;Nuvoloso;Normale;Buona;Ore Diurne;0;0;1;2;12.56064;41.74811;-1;1;Autovettura privata;In marcia / fermata / arresto;Conducente;M;Illeso;0;;Non accertato;Inesploso
3160102;12;02/02/2017 11:20;Provinciale;VIA ARDEATINA;in corrispondenza;;della chilometrica;15.5;;Scontro frontale fra veicoli in marcia;Rettilineo;Una carreggiata a doppio senso;Asciutto;Asfaltata;Verticale ed orizzontale;Nuvoloso;Normale;Buona;Ore Diurne;0;0;1;2;12.56064;41.74811;-1;2;Motociclo a solo;In marcia / fermata / arresto;Conducente;M;Prognosi riservata;0;DECEDUTO ENTRO LE DODICI ORE;Utilizzato;
3160102;12;02/02/2017 11:20;Provinciale;VIA ARDEATINA;in corrispondenza;;della chilometrica;15.5;;Scontro frontale fra veicoli in marcia;Rettilineo;Una carreggiata a doppio senso;Asciutto;Asfaltata;Verticale ed orizzontale;Nuvoloso;Normale;Buona;Ore Diurne;0;0;1;2;12.56064;41.74811;-1;3;Motrice;In marcia / fermata / arresto;Conducente;M;Illeso;0;;Non accertato;Inesploso
3160126;1;02/02/2017 10:30;Strada Urbana;LUNGOTEVERE RAFFAELLO SANZIO;in prossimità;;del palo luce n.;11;;Tamponamento;Rettilineo;Una carreggiata a senso unico di marcia;Asciutto;Asfaltata;Verticale ed orizzontale;Sereno;Intenso;Buona;Ore Diurne;0;0;0;1;12.47211;41.89082;-1;1;Ciclomotore;In marcia / fermata / arresto;Conducente;M;Illeso;0;;;
3160146;1;02/02/2017 09:00;Strada Urbana;PIAZZA FATEBENEFRATELLI;in prossimità;;del civico n.;6;;Investimento di pedone;Rettilineo;Una carreggiata a senso unico di marcia;Asciutto;In cubetti di porfido;Verticale ed orizzontale;Nuvoloso;Normale;Buona;Ore Diurne;1;0;0;1;12.47719;41.89067;-1;;;;Pedone;F;Rimandato;0;NON DECEDUTO;;
3160146;1;02/02/2017 09:00;Strada Urbana;PIAZZA FATEBENEFRATELLI;in prossimità;;del civico n.;6;;Investimento di pedone;Rettilineo;Una carreggiata a senso unico di marcia;Asciutto;In cubetti di porfido;Verticale ed orizzontale;Nuvoloso;Normale;Buona;Ore Diurne;1;0;0;1;12.47719;41.89067;-1;1;Autovettura privata;In marcia / fermata / arresto;Conducente;M;Illeso;0;;Non accertato;
3160167;18;02/02/2017 12:50;Strada Urbana;VIA DI BOCCEA;da specificare;;;;FRONTE CIVICO 530;Scontro frontale/laterale DX fra veicoli in marcia;Rettilineo;Una carreggiata a doppio senso;Asciutto;Asfaltata;Verticale ed orizzontale;Nuvoloso;Normale;Buona;Ore Diurne;2;0;0;0;12.39188;41.91186;-1;1;Autovettura privata;In marcia / fermata / arresto;Conducente;M;Rifiuta cure immediate;0;NON DECEDUTO;Non accertato;Inesploso
3160167;18;02/02/2017 12:50;Strada Urbana;VIA DI BOCCEA;da specificare;;;;FRONTE CIVICO 530;Scontro frontale/laterale DX fra veicoli in marcia;Rettilineo;Una carreggiata a doppio senso;Asciutto;Asfaltata;Verticale ed orizzontale;Nuvoloso;Normale;Buona;Ore Diurne;2;0;0;0;12.39188;41.91186;-1;2;Autovettura privata;In marcia / fermata / arresto;Conducente;M;Rifiuta cure immediate;0;NON DECEDUTO;Non accertato;Inesploso
3160180;18;02/02/2017 16:40;Strada Urbana;VIA LUCIO II;all'intersezione con;VIA GREGORIO XIII;VIA GREGORIO XIII;;;Scontro laterale fra veicoli in marcia;Incrocio;Una carreggiata a doppio senso;Asciutto;Asfaltata;Verticale ed orizzontale;Nuvoloso;Normale;Buona;Ore Diurne;0;0;0;3;12.41813;41.90721;-1;1;Autovettura privata;In marcia / fermata / arresto;Conducente;M;Illeso;0;;Non accertato;Inesploso
3160180;18;02/02/2017 16:40;Strada Urbana;VIA LUCIO II;all'intersezione con;VIA GREGORIO XIII;VIA GREGORIO XIII;;;Scontro laterale fra veicoli in marcia;Incrocio;Una carreggiata a doppio senso;Asciutto;Asfaltata;Verticale ed orizzontale;Nuvoloso;Normale;Buona;Ore Diurne;0;0;0;3;12.41813;41.90721;-1;1;Autovettura privata;In marcia / fermata / arresto;Passeggero;F;Illeso;0;;Non accertato;Inesistente
3160180;18;02/02/2017 16:40;Strada Urbana;VIA LUCIO II;all'intersezione con;VIA GREGORIO XIII;VIA GREGORIO XIII;;;Scontro laterale fra veicoli in marcia;Incrocio;Una carreggiata a doppio senso;Asciutto;Asfaltata;Verticale ed orizzontale;Nuvoloso;Normale;Buona;Ore Diurne;0;0;0;3;12.41813;41.90721;-1;2;Autovettura privata;In marcia / fermata / arresto;Conducente;M;Illeso;0;;Non accertato;Inesistente
3160189;1;01/02/2017 19:50;Strada Urbana;VIALE CARLO FELICE;all'intersezione semaforizzata con;PIAZZA DI PORTA S. GIOVANNI;PIAZZA DI PORTA S. GIOVANNI;;;Investimento di pedone;Intersezione semaforizzata;Una carreggiata a doppio senso;Asciutto;Asfaltata;Verticale ed orizzontale;Sereno;Normale;Sufficiente;Sufficiente;1;0;0;1;12.51158;41.88742;-1;;;;Pedone;F;Rimandato;0;NON DECEDUTO;;
3160189;1;01/02/2017 19:50;Strada Urbana;VIALE CARLO FELICE;all'intersezione semaforizzata con;PIAZZA DI PORTA S. GIOVANNI;PIAZZA DI PORTA S. GIOVANNI;;;Investimento di pedone;Intersezione semaforizzata;Una carreggiata a doppio senso;Asciutto;Asfaltata;Verticale ed orizzontale;Sereno;Normale;Sufficiente;Sufficiente;1;0;0;1;12.51158;41.88742;-1;1;Vettura tranviaria;In marcia / fermata / arresto;Conducente;M;Illeso;0;;Esente;
3160223;23;01/02/2017 05:00;Comunale extraurbana;VIA CRISTOFORO COLOMBO;all'intersezione semaforizzata con;VIA ERMANNO WOLF FERRARI;VIA ERMANNO WOLF FERRARI;;;Scontro frontale/laterale SX fra veicoli in marcia;Intersezione semaforizzata;Più di due carreggiate;Bagnato (pioggia);Asfaltata;Verticale ed orizzontale;Nuvoloso;Scarso;Buona;Sufficiente;1;0;0;1;12.36979;41.75477;-1;1;Autovettura privata;In marcia / fermata / arresto;Conducente;M;Illeso;0;;Utilizzato;Inesploso
3160223;23;01/02/2017 05:00;Comunale extraurbana;VIA CRISTOFORO COLOMBO;all'intersezione semaforizzata con;VIA ERMANNO WOLF FERRARI;VIA ERMANNO WOLF FERRARI;;;Scontro frontale/laterale SX fra veicoli in marcia;Intersezione semaforizzata;Più di due carreggiate;Bagnato (pioggia);Asfaltata;Verticale ed orizzontale;Nuvoloso;Scarso;Buona;Sufficiente;1;0;0;1;12.36979;41.75477;-1;2;Autovettura privata;In marcia / fermata / arresto;Conducente;M;Rimandato;0;NON DECEDUTO;Utilizzato;Esploso
3160241;10;02/02/2017 18:30;Strada Urbana;VIA DEL CASALE FERRANTI;all'intersezione con;VIA TUSCOLANA;VIA TUSCOLANA;;;Scontro laterale fra veicoli in marcia;Incrocio;Una carreggiata a doppio senso;Asciutto;Asfaltata;Verticale ed orizzontale;Sereno;Intenso;Buona;Ore Diurne;0;0;0;2;12.58681;41.84064;-1;1;Autovettura privata;In marcia / fermata / arresto;Conducente;M;Illeso;0;;Non accertato;Inesploso
3160241;10;02/02/2017 18:30;Strada Urbana;VIA DEL CASALE FERRANTI;all'intersezione con;VIA TUSCOLANA;VIA TUSCOLANA;;;Scontro laterale fra veicoli in marcia;Incrocio;Una carreggiata a doppio senso;Asciutto;Asfaltata;Verticale ed orizzontale;Sereno;Intenso;Buona;Ore Diurne;0;0;0;2;12.58681;41.84064;-1;2;Autovettura privata;In marcia / fermata / arresto;Conducente;M;Illeso;0;;Non accertato;Inesploso
3160256;23;01/02/2017 09:45;Comunale extraurbana;VIA CRISTOFORO COLOMBO;all'intersezione semaforizzata con;VIA PINDARO;VIA PINDARO;;;Scontro frontale/laterale DX fra veicoli in marcia;Intersezione semaforizzata;Più di due carreggiate;Asciutto;Asfaltata;Verticale ed orizzontale;Nuvoloso;Normale;Buona;Ore Diurne;2;0;0;0;12.32011;43.15759;-1;1;Autovettura privata;In marcia / fermata / arresto;Conducente;M;Rimandato;0;NON DECEDUTO;Non accertato;Esploso
3160256;23;01/02/2017 09:45;Comunale extraurbana;VIA CRISTOFORO COLOMBO;all'intersezione semaforizzata con;VIA PINDARO;VIA PINDARO;;;Scontro frontale/laterale DX fra veicoli in marcia;Intersezione semaforizzata;Più di due carreggiate;Asciutto;Asfaltata;Verticale ed orizzontale;Nuvoloso;Normale;Buona;Ore Diurne;2;0;0;0;12.32011;43.15759;-1;2;Autovettura privata;In marcia / fermata / arresto;Conducente;M;Rimandato;0;NON DECEDUTO;Non accertato;Esploso
3160257;1;02/02/2017 16:30;Strada Urbana;VIALE PRETORIANO;all'intersezione semaforizzata con;VIALE PIERO GOBETTI;VIALE PIERO GOBETTI;;;Tamponamento;Intersezione semaforizzata;Una carreggiata a doppio senso;Asciutto;Asfaltata;Verticale ed orizzontale;Nuvoloso;Normale;Buona;Ore Diurne;1;0;0;1;12.50824;41.90054;-1;1;Autovettura privata;In marcia / fermata / arresto;Conducente;M;Illeso;0;;Non accertato;Inesploso
3160257;1;02/02/2017 16:30;Strada Urbana;VIALE PRETORIANO;all'intersezione semaforizzata con;VIALE PIERO GOBETTI;VIALE PIERO GOBETTI;;;Tamponamento;Intersezione semaforizzata;Una carreggiata a doppio senso;Asciutto;Asfaltata;Verticale ed orizzontale;Nuvoloso;Normale;Buona;Ore Diurne;1;0;0;1;12.50824;41.90054;-1;2;Autovettura privata;In marcia / fermata / arresto;Conducente;M;Rimandato;0;NON DECEDUTO;;
3160258;15;02/02/2017 10:15;Strada Urbana;VIA DEL TRULLO;in prossimità;;del civico n.;169;;Veicolo in marcia contro ostacolo fisso;Rettilineo;Due carreggiate;Asciutto;Asfaltata;Orizzontale;Nuvoloso;Normale;Buona;Ore Diurne;0;0;0;1;12.43587;41.84678;-1;1;Autovettura privata;In marcia / fermata / arresto;Conducente;F;Illeso;0;;Utilizzato;Inesploso
3160284;1;02/02/2017 15:40;Strada Urbana;PIAZZA DI PORTA S. GIOVANNI;all'intersezione semaforizzata con;VIA EMANUELE FILIBERTO;VIA EMANUELE FILIBERTO;;;Scontro laterale fra veicoli in marcia;Intersezione semaforizzata;Una carreggiata a doppio senso;Asciutto;Asfaltata;Verticale ed orizzontale;Nuvoloso;Normale;Buona;Ore Diurne;0;0;0;3;12.50864;41.88646;-1;1;Autovettura privata;In marcia / fermata / arresto;Conducente;F;Illeso;0;;Non accertato;Inesploso
3160284;1;02/02/2017 15:40;Strada Urbana;PIAZZA DI PORTA S. GIOVANNI;all'intersezione semaforizzata con;VIA EMANUELE FILIBERTO;VIA EMANUELE FILIBERTO;;;Scontro laterale fra veicoli in marcia;Intersezione semaforizzata;Una carreggiata a doppio senso;Asciutto;Asfaltata;Verticale ed orizzontale;Nuvoloso;Normale;Buona;Ore Diurne;0;0;0;3;12.50864;41.88646;-1;1;Autovettura privata;In marcia / fermata / arresto;Passeggero;F;Illeso;0;;Non accertato;Inesploso
3160284;1;02/02/2017 15:40;Strada Urbana;PIAZZA DI PORTA S. GIOVANNI;all'intersezione semaforizzata con;VIA EMANUELE FILIBERTO;VIA EMANUELE FILIBERTO;;;Scontro laterale fra veicoli in marcia;Intersezione semaforizzata;Una carreggiata a doppio senso;Asciutto;Asfaltata;Verticale ed orizzontale;Nuvoloso;Normale;Buona;Ore Diurne;0;0;0;3;12.50864;41.88646;-1;2;Motociclo a solo;In marcia / fermata / arresto;Conducente;M;Illeso;0;;Non accertato;
3160312;13;02/02/2017 09:00;Strada Urbana;VIA BRUNO MOLAJOLI;in prossimità;;del civico n.;126;;Scontro frontale/laterale DX fra veicoli in marcia;Rettilineo;Una carreggiata a doppio senso;Asciutto;Asfaltata;Verticale ed orizzontale;Sereno;Scarso;Buona;Ore Diurne;0;0;0;2;12.36628;41.77202;-1;1;Autovettura privata;In marcia / fermata / arresto;Conducente;M;Illeso;0;;Non accertato;Inesploso
3160312;13;02/02/2017 09:00;Strada Urbana;VIA BRUNO MOLAJOLI;in prossimità;;del civico n.;126;;Scontro frontale/laterale DX fra veicoli in marcia;Rettilineo;Una carreggiata a doppio senso;Asciutto;Asfaltata;Verticale ed orizzontale;Sereno;Scarso;Buona;Ore Diurne;0;0;0;2;12.36628;41.77202;-1;2;Motociclo a solo;In marcia / fermata / arresto;Conducente;M;Illeso;0;;Non accertato;
3160574;11;02/02/2017 16:10;Strada Urbana;VIA FLAVIA TIZIANA;all'intersezione con;VIA DI S. PETRONILLA;VIA DI S. PETRONILLA;;;Scontro frontale/laterale DX fra veicoli in marcia;Incrocio;Una carreggiata a doppio senso;Asciutto;Asfaltata;Verticale ed orizzontale;Sereno;Scarso;Buona;Ore Diurne;3;0;0;1;12.49983;41.85773;-1;1;Autovettura privata;In marcia / fermata / arresto;Conducente;F;Rifiuta cure immediate;0;NON DECEDUTO;;
3160574;11;02/02/2017 16:10;Strada Urbana;VIA FLAVIA TIZIANA;all'intersezione con;VIA DI S. PETRONILLA;VIA DI S. PETRONILLA;;;Scontro frontale/laterale DX fra veicoli in marcia;Incrocio;Una carreggiata a doppio senso;Asciutto;Asfaltata;Verticale ed orizzontale;Sereno;Scarso;Buona;Ore Diurne;3;0;0;1;12.49983;41.85773;-1;1;Autovettura privata;In marcia / fermata / arresto;Passeggero;M;Rifiuta cure immediate;0;NON DECEDUTO;;
3160574;11;02/02/2017 16:10;Strada Urbana;VIA FLAVIA TIZIANA;all'intersezione con;VIA DI S. PETRONILLA;VIA DI S. PETRONILLA;;;Scontro frontale/laterale DX fra veicoli in marcia;Incrocio;Una carreggiata a doppio senso;Asciutto;Asfaltata;Verticale ed orizzontale;Sereno;Scarso;Buona;Ore Diurne;3;0;0;1;12.49983;41.85773;-1;1;Autovettura privata;In marcia / fermata / arresto;Passeggero;M;Rifiuta cure immediate;0;NON DECEDUTO;;
3160574;11;02/02/2017 16:10;Strada Urbana;VIA FLAVIA TIZIANA;all'intersezione con;VIA DI S. PETRONILLA;VIA DI S. PETRONILLA;;;Scontro frontale/laterale DX fra veicoli in marcia;Incrocio;Una carreggiata a doppio senso;Asciutto;Asfaltata;Verticale ed orizzontale;Sereno;Scarso;Buona;Ore Diurne;3;0;0;1;12.49983;41.85773;-1;2;Autovettura privata;In marcia / fermata / arresto;Conducente;M;Illeso;0;;;
3160577;6;02/02/2017 19:30;Strada Urbana;VIA AUGUSTO DULCERI;in prossimità;;del civico n.;128;;Scontro laterale fra veicoli in marcia;Rettilineo;Una carreggiata a doppio senso;Asciutto;Asfaltata;Assente;Nuvoloso;Normale;Buona;Sufficiente;0;0;0;3;12.53937;41.88396;-1;1;Autovettura privata;In marcia / fermata / arresto;Conducente;M;Illeso;0;;;
3160577;6;02/02/2017 19:30;Strada Urbana;VIA AUGUSTO DULCERI;in prossimità;;del civico n.;128;;Scontro laterale fra veicoli in marcia;Rettilineo;Una carreggiata a doppio senso;Asciutto;Asfaltata;Assente;Nuvoloso;Normale;Buona;Sufficiente;0;0;0;3;12.53937;41.88396;-1;1;Autovettura privata;In marcia / fermata / arresto;Passeggero;M;Illeso;0;;;
3160577;6;02/02/2017 19:30;Strada Urbana;VIA AUGUSTO DULCERI;in prossimità;;del civico n.;128;;Scontro laterale fra veicoli in marcia;Rettilineo;Una carreggiata a doppio senso;Asciutto;Asfaltata;Assente;Nuvoloso;Normale;Buona;Sufficiente;0;0;0;3;12.53937;41.88396;-1;2;Autovettura privata;In marcia / fermata / arresto;Conducente;F;Illeso;0;;;
3160581;6;02/02/2017 22:40;Strada Urbana;VIA CARLO DELLA ROCCA;in prossimità;;del civico n.;49a;;Veicolo in marcia contro veicolo in sosta;Rettilineo;Una carreggiata a senso unico di marcia;Asciutto;Asfaltata;Orizzontale;Nuvoloso;Scarso;Buona;Sufficiente;0;0;0;1;12.54392;41.87726;-1;1;Veicolo speciale;In marcia / fermata / arresto;Conducente;M;Illeso;0;;;
3160586;13;03/02/2017 01:50;Strada Urbana;VIALE CHARLES LENORMANT;in corrispondenza;;del civico n.;220;;Veicolo in marcia contro ostacolo fisso;Rettilineo;Una carreggiata a doppio senso;Asciutto;Asfaltata;Verticale;Sereno;Scarso;Buona;Sufficiente;0;0;0;1;12.33357;41.77426;-1;1;Autovettura privata;In marcia / fermata / arresto;Conducente;M;Illeso;0;;Non accertato;Inesploso
3160587;9;02/02/2017 18:00;Strada Urbana;VIA APPIA NUOVA;da specificare;;;;fronte via Cipolla;Scontro laterale fra veicoli in marcia;Rettilineo;Una carreggiata a doppio senso;Asciutto;Asfaltata;Verticale ed orizzontale;Nuvoloso;Intenso;Buona;Sufficiente;1;0;0;1;12.53066;41.86637;-1;1;Autovettura privata;In marcia / fermata / arresto;Conducente;M;Illeso;0;;Non accertato;Inesploso
3160587;9;02/02/2017 18:00;Strada Urbana;VIA APPIA NUOVA;da specificare;;;;fronte via Cipolla;Scontro laterale fra veicoli in marcia;Rettilineo;Una carreggiata a doppio senso;Asciutto;Asfaltata;Verticale ed orizzontale;Nuvoloso;Intenso;Buona;Sufficiente;1;0;0;1;12.53066;41.86637;-1;2;Motociclo a solo;In marcia / fermata / arresto;Conducente;M;Rimandato;0;NON DECEDUTO;Non accertato;
3160589;13;02/02/2017 15:00;Strada Urbana;VIA BARZANO';in corrispondenza;;del civico n.;96;;Veicolo in marcia contro ostacolo accidentale;Rettilineo;Una carreggiata a doppio senso;Asciutto;Asfaltata;Assente;Sereno;Normale;Buona;Ore Diurne;0;0;0;1;12.33108;41.77921;-1;1;Autovettura privata;In marcia / fermata / arresto;Conducente;M;Illeso;0;;;
3160594;13;02/02/2017 12:30;Strada Urbana;VIA DI DRAGONE;in prossimità;;del civico n.;466;;Veicolo in marcia contro ostacolo fisso;Rettilineo;Una carreggiata a doppio senso;Asciutto;Asfaltata;Verticale ed orizzontale;Nuvoloso;Normale;Buona;Ore Diurne;0;0;0;1;12.32881;41.78839;-1;1;Autovettura privata;In marcia / fermata / arresto;Conducente;F;Illeso;0;;Non accertato;Inesploso
3160604;11;02/02/2017 13:10;Strada Urbana;VIALE LEONARDO DA VINCI;in prossimità;;del civico n.;335;;Veicolo in marcia contro veicolo fermo;Rettilineo;Una carreggiata a doppio senso;Asciutto;Asfaltata;Verticale ed orizzontale;Nuvoloso;Scarso;Buona;Ore Diurne;0;0;0;1;12.47984;41.85133;-1;1;Autovettura privata;In marcia / fermata / arresto;Conducente;M;Illeso;0;;;