Protocollo;Gruppo;DataOraIncidente;Localizzazione1;STRADA1;Localizzazione2;STRADA2;Strada02;Chilometrica;DaSpecificare;NaturaIncidente;particolaritastrade;TipoStrada;FondoStradale;Pavimentazione;Segnaletica;CondizioneAtmosferica;Traffico;Visibilita;Illuminazione;NUM_FERITI;NUM_RISERVATA;NUM_MORTI;NUM_ILLESI;Longitudine;Latitudine;Confermato;Progressivo;TipoVeicolo;StatoVeicolo;TipoPersona;Sesso;Tipolesione;Deceduto;DecedutoDopo;CinturaCascoUtilizzato;Airbag
3161653;11;03/02/2017 17:05;Strada Urbana;VIA CRISTOFORO COLOMBO;da specificare;;;;25 metri dopo via Accademia Agiati;Tamponamento Multiplo;Rettilineo;Più di due carreggiate;Asciutto;Asfaltata;Verticale ed orizzontale;Sereno;Normale;Buona;Sufficiente;0;0;0;5;12.48837;41.85259;-1;1;Autovettura privata;In marcia / fermata / arresto;Conducente;F;Illeso;0;;Non accertato;Inesploso
3161653;11;03/02/2017 17:05;Strada Urbana;VIA CRISTOFORO COLOMBO;da specificare;;;;25 metri dopo via Accademia Agiati;Tamponamento Multiplo;Rettilineo;Più di due carreggiate;Asciutto;Asfaltata;Verticale ed orizzontale;Sereno;Normale;Buona;Sufficiente;0;0;0;5;12.48837;41.85259;-1;2;Autovettura privata;In marcia / fermata / arresto;Conducente;M;Illeso;0;;Non accertato;Inesploso
3161653;11;03/02/2017 17:05;Strada Urbana;VIA CRISTOFORO COLOMBO;da specificare;;;;25 metri dopo via Accademia Agiati;Tamponamento Multiplo;Rettilineo;Più di due carreggiate;Asciutto;Asfaltata;Verticale ed orizzontale;Sereno;Normale;Buona;Sufficiente;0;0;0;5;12.48837;41.85259;-1;3;Autovettura privata;In marcia / fermata / arresto;Conducente;M;Illeso;0;;Non accertato;Inesploso
3161653;11;03/02/2017 17:05;Strada Urbana;VIA CRISTOFORO COLOMBO;da specificare;;;;25 metri dopo via Accademia Agiati;Tamponamento Multiplo;Rettilineo;Più di due carreggiate;Asciutto;Asfaltata;Verticale ed orizzontale;Sereno;Normale;Buona;Sufficiente;0;0;0;5;12.48837;41.85259;-1;4;Autovettura privata;In marcia / fermata / arresto;Conducente;M;Illeso;0;;Non accertato;Inesploso
3161653;11;03/02/2017 17:05;Strada Urbana;VIA CRISTOFORO COLOMBO;da specificare;;;;25 metri dopo via Accademia Agiati;Tamponamento Multiplo;Rettilineo;Più di due carreggiate;Asciutto;Asfaltata;Verticale ed orizzontale;Sereno;Normale;Buona;Sufficiente;0;0;0;5;12.48837;41.85259;-1;4;Autovettura privata;In marcia / fermata / arresto;Passeggero;M;Illeso;0;;Non accertato;Inesploso
3161663;18;03/02/2017 16:40;Strada Urbana;VIA DI BOCCEA;in prossimità;;del civico n.;315;;Scontro frontale fra veicoli in marcia;Rettilineo;Una carreggiata a doppio senso;Asciutto;Asfaltata;Verticale ed orizzontale;Sereno;Normale;Buona;Ore Diurne;1;0;0;3;12.41239;41.90308;-1;1;Motociclo a solo;In marcia / fermata / arresto;Conducente;M;Rimandato;0;NON DECEDUTO;Non accertato;
3161663;18;03/02/2017 16:40;Strada Urbana;VIA DI BOCCEA;in prossimità;;del civico n.;315;;Scontro frontale fra veicoli in marcia;Rettilineo;Una carreggiata a doppio senso;Asciutto;Asfaltata;Verticale ed orizzontale;Sereno;Normale;Buona;Ore Diurne;1;0;0;3;12.41239;41.90308;-1;2;Autovettura privata;In marcia / fermata / arresto;Conducente;M;Illeso;0;;Non accertato;Inesploso
3161663;18;03/02/2017 16:40;Strada Urbana;VIA DI BOCCEA;in prossimità;;del civico n.;315;;Scontro frontale fra veicoli in marcia;Rettilineo;Una carreggiata a doppio senso;Asciutto;Asfaltata;Verticale ed orizzontale;Sereno;Normale;Buona;Ore Diurne;1;0;0;3;12.41239;41.90308;-1;2;Autovettura privata;In marcia / fermata / arresto;Passeggero;F;Illeso;0;;Non accertato;Inesploso
3161663;18;03/02/2017 16:40;Strada Urbana;VIA DI BOCCEA;in prossimità;;del civico n.;315;;Scontro frontale fra veicoli in marcia;Rettilineo;Una carreggiata a doppio senso;Asciutto;Asfaltata;Verticale ed orizzontale;Sereno;Normale;Buona;Ore Diurne;1;0;0;3;12.41239;41.90308;-1;2;Autovettura privata;In marcia / fermata / arresto;Passeggero;F;Illeso;0;;Non accertato;Inesploso
3161668;11;03/02/2017 11:15;Strada Urbana;VIA ALESSIO BALDOVINETTI;in corrispondenza;;del civico n.;24;;Infortunio per caduta del veicolo;Rettilineo;Una carreggiata a doppio senso;Asciutto;Asfaltata;Orizzontale;Sereno;Normale;Buona;Ore Diurne;1;0;0;2;12.49473;41.83269;-1;1;Motociclo a solo;In marcia / fermata / arresto;Conducente;M;Rifiuta cure immediate;0;NON DECEDUTO;Non accertato;
3161668;11;03/02/2017 11:15;Strada Urbana;VIA ALESSIO BALDOVINETTI;in corrispondenza;;del civico n.;24;;Infortunio per caduta del veicolo;Rettilineo;Una carreggiata a doppio senso;Asciutto;Asfaltata;Orizzontale;Sereno;Normale;Buona;Ore Diurne;1;0;0;2;12.49473;41.83269;-1;2;Autovettura privata;In marcia / fermata / arresto;Conducente;M;Illeso;0;;Non accertato;
3161668;11;03/02/2017 11:15;Strada Urbana;VIA ALESSIO BALDOVINETTI;in corrispondenza;;del civico n.;24;;Infortunio per caduta del veicolo;Rettilineo;Una carreggiata a doppio senso;Asciutto;Asfaltata;Orizzontale;Sereno;Normale;Buona;Ore Diurne;1;0;0;2;12.49473;41.83269;-1;2;Autovettura privata;In marcia / fermata / arresto;Passeggero;F;Illeso;0;;Non accertato;
3161687;13;03/02/2017 08:00;Strada Urbana;VIA FERDINANDO ACTON;all'intersezione con;VIA CAPO PORO;VIA CAPO PORO;;;Scontro frontale/laterale DX fra veicoli in marcia;Incrocio;Due carreggiate;Asciutto;Asfaltata;Assente;Sereno;Normale;Buona;Ore Diurne;0;0;0;3;12.29231;41.73065;-1;1;Autovettura privata;In marcia / fermata / arresto;Conducente;M;Illeso;0;;Non accertato;Inesploso
3161687;13;03/02/2017 08:00;Strada Urbana;VIA FERDINANDO ACTON;all'intersezione con;VIA CAPO PORO;VIA CAPO PORO;;;Scontro frontale/laterale DX fra veicoli in marcia;Incrocio;Due carreggiate;Asciutto;Asfaltata;Assente;Sereno;Normale;Buona;Ore Diurne;0;0;0;3;12.29231;41.73065;-1;1;Autovettura privata;In marcia / fermata / arresto;Passeggero;F;Illeso;0;;Non accertato;Inesploso
3161687;13;03/02/2017 08:00;Strada Urbana;VIA FERDINANDO ACTON;all'intersezione con;VIA CAPO PORO;VIA CAPO PORO;;;Scontro frontale/laterale DX fra veicoli in marcia;Incrocio;Due carreggiate;Asciutto;Asfaltata;Assente;Sereno;Normale;Buona;Ore Diurne;0;0;0;3;12.29231;41.73065;-1;2;Autovettura privata;In marcia / fermata / arresto;Conducente;M;Illeso;0;;Non accertato;Inesploso
3161691;11;03/02/2017 09:15;Strada Urbana;VIA DI TOR CARBONE;da specificare;;;;altezza civico 207;Scontro laterale fra veicoli in marcia;Rettilineo;Una carreggiata a doppio senso;Asciutto;Asfaltata;Verticale ed orizzontale;Sereno;Normale;Buona;Ore Diurne;0;0;0;2;12.53255;41.83063;-1;1;Autovettura privata;In marcia / fermata / arresto;Conducente;F;Illeso;0;;Non accertato;
3161691;11;03/02/2017 09:15;Strada Urbana;VIA DI TOR CARBONE;da specificare;;;;altezza civico 207;Scontro laterale fra veicoli in marcia;Rettilineo;Una carreggiata a doppio senso;Asciutto;Asfaltata;Verticale ed orizzontale;Sereno;Normale;Buona;Ore Diurne;0;0;0;2;12.53255;41.83063;-1;2;Autovettura pubblica;In marcia / fermata / arresto;Conducente;M;Illeso;0;;Non accertato;
3161706;11;03/02/2017 07:45;Strada Urbana;VIA CRISTOFORO COLOMBO;all'intersezione semaforizzata con;LARGO LAMBERTO LORIA;LARGO LAMBERTO LORIA;;;Scontro laterale fra veicoli in marcia;Intersezione non regolata/non segnalata;Più di due carreggiate;Asciutto;Asfaltata;Verticale ed orizzontale;Sereno;Normale;Buona;Ore Diurne;0;0;0;3;12.4981;41.86207;-1;1;Autovettura privata;In marcia / fermata / arresto;Conducente;F;Illeso;0;;Non accertato;
3161706;11;03/02/2017 07:45;Strada Urbana;VIA CRISTOFORO COLOMBO;all'intersezione semaforizzata con;LARGO LAMBERTO LORIA;LARGO LAMBERTO LORIA;;;Scontro laterale fra veicoli in marcia;Intersezione non regolata/non segnalata;Più di due carreggiate;Asciutto;Asfaltata;Verticale ed orizzontale;Sereno;Normale;Buona;Ore Diurne;0;0;0;3;12.4981;41.86207;-1;2;Autovettura privata;In marcia / fermata / arresto;Conducente;M;Illeso;0;;Non accertato;
3161706;11;03/02/2017 07:45;Strada Urbana;VIA CRISTOFORO COLOMBO;all'intersezione semaforizzata con;LARGO LAMBERTO LORIA;LARGO LAMBERTO LORIA;;;Scontro laterale fra veicoli in marcia;Intersezione non regolata/non segnalata;Più di due carreggiate;Asciutto;Asfaltata;Verticale ed orizzontale;Sereno;Normale;Buona;Ore Diurne;0;0;0;3;12.4981;41.86207;-1;2;Autovettura privata;In marcia / fermata / arresto;Passeggero;F;Illeso;0;;Non accertato;
3161722;6;03/02/2017 16:30;Strada Urbana;VIALE GIOVANNI BATTISTA VALENTE;da specificare;;;;in prossimità di via Collatina;Scontro laterale fra veicoli in marcia;Rettilineo;Una carreggiata a doppio senso;Asciutto;Asfaltata;Verticale ed orizzontale;Sereno;Normale;Buona;Ore Diurne;1;0;0;2;12.56649;41.89992;-1;1;Autovettura privata;In marcia / fermata / arresto;Conducente;M;Illeso;0;;Non accertato;Inesploso
3161722;6;03/02/2017 16:30;Strada Urbana;VIALE GIOVANNI BATTISTA VALENTE;da specificare;;;;in prossimità di via Collatina;Scontro laterale fra veicoli in marcia;Rettilineo;Una carreggiata a doppio senso;Asciutto;Asfaltata;Verticale ed orizzontale;Sereno;Normale;Buona;Ore Diurne;1;0;0;2;12.56649;41.89992;-1;1;Autovettura privata;In marcia / fermata / arresto;Passeggero;F;Illeso;0;;Non accertato;Inesploso
3161722;6;03/02/2017 16:30;Strada Urbana;VIALE GIOVANNI BATTISTA VALENTE;da specificare;;;;in prossimità di via Collatina;Scontro laterale fra veicoli in marcia;Rettilineo;Una carreggiata a doppio senso;Asciutto;Asfaltata;Verticale ed orizzontale;Sereno;Normale;Buona;Ore Diurne;1;0;0;2;12.56649;41.89992;-1;2;Motociclo a solo;In marcia / fermata / arresto;Conducente;M;Rifiuta cure immediate;0;NON DECEDUTO;;
3161772;18;03/02/2017 12:20;Strada Urbana;VIA DI BOCCEA;da specificare;;;;in prossimità VIA CASAL DEL MARMO;Tamponamento;Rettilineo;Più di due carreggiate;Asciutto;Asfaltata;Verticale ed orizzontale;Nuvoloso;Normale;Buona;Ore Diurne;0;0;0;2;12.39188;41.91186;-1;1;Autobus di linea;In marcia / fermata / arresto;Conducente;M;Illeso;0;;Non accertato;Inesistente
3161772;18;03/02/2017 12:20;Strada Urbana;VIA DI BOCCEA;da specificare;;;;in prossimità VIA CASAL DEL MARMO;Tamponamento;Rettilineo;Più di due carreggiate;Asciutto;Asfaltata;Verticale ed orizzontale;Nuvoloso;Normale;Buona;Ore Diurne;0;0;0;2;12.39188;41.91186;-1;2;Autovettura privata;In marcia / fermata / arresto;Conducente;F;Illeso;0;;Non accertato;Inesploso
3162116;13;03/02/2017 01:00;Strada Urbana;VIA FERRUCCIO BUSONI;all'intersezione con;VIA GIOVANNI LEGRENZI;VIA GIOVANNI LEGRENZI;;;Veicolo in marcia contro veicolo in sosta;Incrocio;Una carreggiata a doppio senso;Asciutto;Asfaltata;Verticale ed orizzontale;Sereno;Normale;Buona;Ore Diurne;0;0;0;1;12.36797;41.74058;-1;2;Autocarro inferiore 35 q.;In marcia / fermata / arresto;Conducente;M;Illeso;0;;Non accertato;Inesploso
3162134;13;03/02/2017 18:30;Strada Urbana;VIA ANDREA CATRANI;all'intersezione con;VIA ANDREA DA GARESSIO;VIA ANDREA DA GARESSIO;;;Scontro laterale fra veicoli in marcia;Incrocio;Una carreggiata a senso unico alternato;Asciutto;Asfaltata;Verticale;Nuvoloso;Normale;Buona;Sufficiente;3;0;0;2;12.35441;41.78417;-1;1;Autovettura privata;In marcia / fermata / arresto;Conducente;M;Rifiuta cure immediate;0;NON DECEDUTO;;
3162134;13;03/02/2017 18:30;Strada Urbana;VIA ANDREA CATRANI;all'intersezione con;VIA ANDREA DA GARESSIO;VIA ANDREA DA GARESSIO;;;Scontro laterale fra veicoli in marcia;Incrocio;Una carreggiata a senso unico alternato;Asciutto;Asfaltata;Verticale;Nuvoloso;Normale;Buona;Sufficiente;3;0;0;2;12.35441;41.78417;-1;1;Autovettura privata;In marcia / fermata / arresto;Passeggero;M;Rifiuta cure immediate;0;NON DECEDUTO;Non accertato;Inesploso
3162134;13;03/02/2017 18:30;Strada Urbana;VIA ANDREA CATRANI;all'intersezione con;VIA ANDREA DA GARESSIO;VIA ANDREA DA GARESSIO;;;Scontro laterale fra veicoli in marcia;Incrocio;Una carreggiata a senso unico alternato;Asciutto;Asfaltata;Verticale;Nuvoloso;Normale;Buona;Sufficiente;3;0;0;2;12.35441;41.78417;-1;1;Autovettura privata;In marcia / fermata / arresto;Passeggero;M;Rifiuta cure immediate;0;NON DECEDUTO;Non accertato;Inesistente
3162134;13;03/02/2017 18:30;Strada Urbana;VIA ANDREA CATRANI;all'intersezione con;VIA ANDREA DA GARESSIO;VIA ANDREA DA GARESSIO;;;Scontro laterale fra veicoli in marcia;Incrocio;Una carreggiata a senso unico alternato;Asciutto;Asfaltata;Verticale;Nuvoloso;Normale;Buona;Sufficiente;3;0;0;2;12.35441;41.78417;-1;1;Autovettura privata;In marcia / fermata / arresto;Passeggero;M;Illeso;0;;Non accertato;Inesploso
3162134;13;03/02/2017 18:30;Strada Urbana;VIA ANDREA CATRANI;all'intersezione con;VIA ANDREA DA GARESSIO;VIA ANDREA DA GARESSIO;;;Scontro laterale fra veicoli in marcia;Incrocio;Una carreggiata a senso unico alternato;Asciutto;Asfaltata;Verticale;Nuvoloso;Normale;Buona;Sufficiente;3;0;0;2;12.35441;41.78417;-1;2;Autovettura privata;In marcia / fermata / arresto;Conducente;M;Illeso;0;;;
3162138;8;04/02/2017 00:50;Strada Urbana;VIA BORGHESIANA;in prossimità;;del civico n.;408;;Scontro laterale fra veicoli in marcia;Rettilineo;Una carreggiata a doppio senso;Asciutto;Asfaltata;Assente;Nuvoloso;Scarso;Sufficiente;Sufficiente;0;0;0;4;12.67534;41.86501;-1;1;Autovettura privata;In marcia / fermata / arresto;Conducente;M;Illeso;0;;Non accertato;Inesploso
3162138;8;04/02/2017 00:50;Strada Urbana;VIA BORGHESIANA;in prossimità;;del civico n.;408;;Scontro laterale fra veicoli in marcia;Rettilineo;Una carreggiata a doppio senso;Asciutto;Asfaltata;Assente;Nuvoloso;Scarso;Sufficiente;Sufficiente;0;0;0;4;12.67534;41.86501;-1;2;Autovettura privata;In marcia / fermata / arresto;Conducente;M;Illeso;0;;Non accertato;Inesploso
3162138;8;04/02/2017 00:50;Strada Urbana;VIA BORGHESIANA;in prossimità;;del civico n.;408;;Scontro laterale fra veicoli in marcia;Rettilineo;Una carreggiata a doppio senso;Asciutto;Asfaltata;Assente;Nuvoloso;Scarso;Sufficiente;Sufficiente;0;0;0;4;12.67534;41.86501;-1;2;Autovettura privata;In marcia / fermata / arresto;Passeggero;F;Illeso;0;;Non accertato;Inesploso
3162138;8;04/02/2017 00:50;Strada Urbana;VIA BORGHESIANA;in prossimità;;del civico n.;408;;Scontro laterale fra veicoli in marcia;Rettilineo;Una carreggiata a doppio senso;Asciutto;Asfaltata;Assente;Nuvoloso;Scarso;Sufficiente;Sufficiente;0;0;0;4;12.67534;41.86501;-1;2;Autovettura privata;In marcia / fermata / arresto;Passeggero;M;Illeso;0;;Non accertato;Inesploso
3162139;8;04/02/2017 00:05;Strada Urbana;VIA TORRE DI MEZZAVIA;in prossimità;;del civico n.;53;;Veicolo in marcia contro veicoli in sosta;Curva senza visuale libera;Una carreggiata a doppio senso;Bagnato (pioggia);Asfaltata;Verticale ed orizzontale;Nuvoloso;Scarso;Sufficiente;Sufficiente;0;0;0;2;12.59435;41.8383;-1;1;Autovettura privata;In marcia / fermata / arresto;Conducente;M;Illeso;0;;Non accertato;Inesploso
3162139;8;04/02/2017 00:05;Strada Urbana;VIA TORRE DI MEZZAVIA;in prossimità;;del civico n.;53;;Veicolo in marcia contro veicoli in sosta;Curva senza visuale libera;Una carreggiata a doppio senso;Bagnato (pioggia);Asfaltata;Verticale ed orizzontale;Nuvoloso;Scarso;Sufficiente;Sufficiente;0;0;0;2;12.59435;41.8383;-1;1;Autovettura privata;In marcia / fermata / arresto;Passeggero;M;Illeso;0;;Non accertato;Inesploso
3162141;8;03/02/2017 13:30;Strada Urbana;VIA MARIA LUIGIA TANCREDI;in prossimità;;del civico n.;8;;Scontro frontale/laterale DX fra veicoli in marcia;Rettilineo;Una carreggiata a doppio senso;Asciutto;Asfaltata;Verticale ed orizzontale;Sereno;Scarso;Buona;Ore Diurne;0;0;0;2;12.66825;41.91021;-1;1;Autovettura privata;In marcia / fermata / arresto;Conducente;M;Illeso;0;;Non accertato;Inesploso
3162141;8;03/02/2017 13:30;Strada Urbana;VIA MARIA LUIGIA TANCREDI;in prossimità;;del civico n.;8;;Scontro frontale/laterale DX fra veicoli in marcia;Rettilineo;Una carreggiata a doppio senso;Asciutto;Asfaltata;Verticale ed orizzontale;Sereno;Scarso;Buona;Ore Diurne;0;0;0;2;12.66825;41.91021;-1;2;Motociclo a solo;In marcia / fermata / arresto;Conducente;M;Illeso;0;;Non accertato;
3162146;8;03/02/2017 22:10;Strada Urbana;VIA BORGHESIANA;all'intersezione con;VIA BARUMINI;VIA BARUMINI;;;Scontro laterale fra veicoli in marcia;Incrocio;Una carreggiata a doppio senso;Asciutto;Asfaltata;Verticale ed orizzontale;Nuvoloso;Scarso;Sufficiente;Sufficiente;0;0;0;2;12.67241;41.87651;-1;1;Autovettura privata;In marcia / fermata / arresto;Conducente;F;Illeso;0;;Non accertato;Inesploso
3162146;8;03/02/2017 22:10;Strada Urbana;VIA BORGHESIANA;all'intersezione con;VIA BARUMINI;VIA BARUMINI;;;Scontro laterale fra veicoli in marcia;Incrocio;Una carreggiata a doppio senso;Asciutto;Asfaltata;Verticale ed orizzontale;Nuvoloso;Scarso;Sufficiente;Sufficiente;0;0;0;2;12.67241;41.87651;-1;2;Autovettura privata;In marcia / fermata / arresto;Conducente;M;Illeso;0;;Non accertato;Inesploso
3162163;6;03/02/2017 16:45;Strada Urbana;VIA DI ACQUA BULLICANTE;all'intersezione con;VIA DEL PIGNETO;VIA DEL PIGNETO;;;Scontro frontale/laterale DX fra veicoli in marcia;Incrocio;Una carreggiata a doppio senso;Asciutto;Asfaltata;Verticale ed orizzontale;Nuvoloso;Intenso;Sufficiente;Sufficiente;1;0;0;1;12.54315;41.8864;-1;1;Autovettura privata;In marcia / fermata / arresto;Conducente;M;Illeso;0;;;
3162163;6;03/02/2017 16:45;Strada Urbana;VIA DI ACQUA BULLICANTE;all'intersezione con;VIA DEL PIGNETO;VIA DEL PIGNETO;;;Scontro frontale/laterale DX fra veicoli in marcia;Incrocio;Una carreggiata a doppio senso;Asciutto;Asfaltata;Verticale ed orizzontale;Nuvoloso;Intenso;Sufficiente;Sufficiente;1;0;0;1;12.54315;41.8864;-1;2;Motociclo a solo;In marcia / fermata / arresto;Conducente;M;Rimandato;0;NON DECEDUTO;;
3162168;9;04/02/2017 00:30;Strada Urbana;VIA DELLE VIGNE DI MORENA;in corrispondenza;;del civico n.;85;;Scontro frontale/laterale SX fra veicoli in marcia;Rettilineo;Una carreggiata a doppio senso;Asciutto;Asfaltata;Verticale ed orizzontale;Nuvoloso;Scarso;Buona;Sufficiente;1;0;0;3;12.60044;41.81337;-1;1;Autovettura privata;In marcia / fermata / arresto;Conducente;M;Illeso;0;;Non accertato;Esploso
3162168;9;04/02/2017 00:30;Strada Urbana;VIA DELLE VIGNE DI MORENA;in corrispondenza;;del civico n.;85;;Scontro frontale/laterale SX fra veicoli in marcia;Rettilineo;Una carreggiata a doppio senso;Asciutto;Asfaltata;Verticale ed orizzontale;Nuvoloso;Scarso;Buona;Sufficiente;1;0;0;3;12.60044;41.81337;-1;1;Autovettura privata;In marcia / fermata / arresto;Passeggero;M;Illeso;0;;Utilizzato;Esploso
3162168;9;04/02/2017 00:30;Strada Urbana;VIA DELLE VIGNE DI MORENA;in corrispondenza;;del civico n.;85;;Scontro frontale/laterale SX fra veicoli in marcia;Rettilineo;Una carreggiata a doppio senso;Asciutto;Asfaltata;Verticale ed orizzontale;Nuvoloso;Scarso;Buona;Sufficiente;1;0;0;3;12.60044;41.81337;-1;2;Autovettura privata;In marcia / fermata / arresto;Conducente;M;Illeso;0;;Utilizzato;Inesploso
3162168;9;04/02/2017 00:30;Strada Urbana;VIA DELLE VIGNE DI MORENA;in corrispondenza;;del civico n.;85;;Scontro frontale/laterale SX fra veicoli in marcia;Rettilineo;Una carreggiata a doppio senso;Asciutto;Asfaltata;Verticale ed orizzontale;Nuvoloso;Scarso;Buona;Sufficiente;1;0;0;3;12.60044;41.81337;-1;2;Autovettura privata;In marcia / fermata / arresto;Passeggero;F;Rimandato;0;NON DECEDUTO;Utilizzato;Inesploso
3162172;6;03/02/2017 19:50;Strada Urbana;VIALE DELLA PRIMAVERA;all'intersezione con;VIA OBERDAN PETRINI;VIA OBERDAN PETRINI;;;Tamponamento Multiplo;Incrocio;Due carreggiate;Bagnato (pioggia);Asfaltata;Verticale ed orizzontale;Pioggia in atto;Intenso;Sufficiente;Sufficiente;0;0;0;4;12.55857;41.87796;-1;1;Autovettura privata;In marcia / fermata / arresto;Conducente;M;Illeso;0;;;
3162172;6;03/02/2017 19:50;Strada Urbana;VIALE DELLA PRIMAVERA;all'intersezione con;VIA OBERDAN PETRINI;VIA OBERDAN PETRINI;;;Tamponamento Multiplo;Incrocio;Due carreggiate;Bagnato (pioggia);Asfaltata;Verticale ed orizzontale;Pioggia in atto;Intenso;Sufficiente;Sufficiente;0;0;0;4;12.55857;41.87796;-1;2;Autovettura privata;In marcia / fermata / arresto;Conducente;M;Illeso;0;;;
3162172;6;03/02/2017 19:50;Strada Urbana;VIALE DELLA PRIMAVERA;all'intersezione con;VIA OBERDAN PETRINI;VIA OBERDAN PETRINI;;;Tamponamento Multiplo;Incrocio;Due carreggiate;Bagnato (pioggia);Asfaltata;Verticale ed orizzontale;Pioggia in atto;Intenso;Sufficiente;Sufficiente;0;0;0;4;12.55857;41.87796;-1;3;Autovettura privata;In marcia / fermata / arresto;Conducente;M;Illeso;0;;;
3162172;6;03/02/2017 19:50;Strada Urbana;VIALE DELLA PRIMAVERA;all'intersezione con;VIA OBERDAN PETRINI;VIA OBERDAN PETRINI;;;Tamponamento Multiplo;Incrocio;Due carreggiate;Bagnato (pioggia);Asfaltata;Verticale ed orizzontale;Pioggia in atto;Intenso;Sufficiente;Sufficiente;0;0;0;4;12.55857;41.87796;-1;3;Autovettura privata;In marcia / fermata / arresto;Passeggero;F;Illeso;0;;;
3162180;15;03/02/2017 16:35;Strada Urbana;VIA DELLA CASETTA MATTEI;all'intersezione con;VIA PIETRO POZZI;VIA PIETRO POZZI;;;Scontro frontale/laterale DX fra veicoli in marcia;Intersezione non regolata/non segnalata;Una carreggiata a doppio senso;Asciutto;Asfaltata;Verticale ed orizzontale;Nuvoloso;Normale;Buona;Ore Diurne;0;0;0;3;12.42002;41.8615;-1;1;Autovettura privata;In marcia / fermata / arresto;Conducente;F;Illeso;0;;Non accertato;Inesploso
3162180;15;03/02/2017 16:35;Strada Urbana;VIA DELLA CASETTA MATTEI;all'intersezione con;VIA PIETRO POZZI;VIA PIETRO POZZI;;;Scontro frontale/laterale DX fra veicoli in marcia;Intersezione non regolata/non segnalata;Una carreggiata a doppio senso;Asciutto;Asfaltata;Verticale ed orizzontale;Nuvoloso;Normale;Buona;Ore Diurne;0;0;0;3;12.42002;41.8615;-1;1;Autovettura privata;In marcia / fermata / arresto;Passeggero;F;Illeso;0;;Non accertato;Inesploso
3162180;15;03/02/2017 16:35;Strada Urbana;VIA DELLA CASETTA MATTEI;all'intersezione con;VIA PIETRO POZZI;VIA PIETRO POZZI;;;Scontro frontale/laterale DX fra veicoli in marcia;Intersezione non regolata/non segnalata;Una carreggiata a doppio senso;Asciutto;Asfaltata;Verticale ed orizzontale;Nuvoloso;Normale;Buona;Ore Diurne;0;0;0;3;12.42002;41.8615;-1;2;Motociclo a solo;In marcia / fermata / arresto;Conducente;M;Illeso;0;;Non accertato;
3162184;13;03/02/2017 20:45;Strada Urbana;VIA DELLE QUINQUEREMI;all'intersezione con;VIA DEL BUCINTORO;VIA DEL BUCINTORO;;;Scontro frontale/laterale SX fra veicoli in marcia;Incrocio;Una carreggiata a doppio senso;Asciutto;Asfaltata;Verticale ed orizzontale;Nuvoloso;Scarso;Buona;Sufficiente;1;0;0;1;12.29693;41.72307;-1;1;Autovettura privata;In marcia / fermata / arresto;Conducente;F;Illeso;0;;Non accertato;Inesploso
3162184;13;03/02/2017 20:45;Strada Urbana;VIA DELLE QUINQUEREMI;all'intersezione con;VIA DEL BUCINTORO;VIA DEL BUCINTORO;;;Scontro frontale/laterale SX fra veicoli in marcia;Incrocio;Una carreggiata a doppio senso;Asciutto;Asfaltata;Verticale ed orizzontale;Nuvoloso;Scarso;Buona;Sufficiente;1;0;0;1;12.29693;41.72307;-1;3;Autovettura privata;In marcia / fermata / arresto;Conducente;M;Rimandato;0;NON DECEDUTO;Non accertato;Inesploso
3162196;9;03/02/2017 17:00;Strada Urbana;VIA RAFFAELE DE CESARE;all'intersezione con;VIA APPIA NUOVA;VIA APPIA NUOVA;;;Scontro laterale fra veicoli in marcia;Incrocio;Due carreggiate;Asciutto;Asfaltata;Verticale ed orizzontale;Sereno;Intenso;Buona;Sufficiente;0;0;0;2;12.52418;41.87361;-1;1;Autovettura privata;In marcia / fermata / arresto;Conducente;M;Illeso;0;;Non accertato;Inesploso
3162196;9;03/02/2017 17:00;Strada Urbana;VIA RAFFAELE DE CESARE;all'intersezione con;VIA APPIA NUOVA;VIA APPIA NUOVA;;;Scontro laterale fra veicoli in marcia;Incrocio;Due carreggiate;Asciutto;Asfaltata;Verticale ed orizzontale;Sereno;Intenso;Buona;Sufficiente;0;0;0;2;12.52418;41.87361;-1;2;Autovettura privata;In marcia / fermata / arresto;Conducente;M;Illeso;0;;Non accertato;Inesploso
3162209;2;04/02/2017 06:10;Strada Urbana;SOTTOVIA IGNAZIO GUIDI;da specificare;;;;alt. rampa imm.ne da V. NOMENTANA dir. C. Pretorio;Veicolo in marcia contro ostacolo fisso;Curva senza visuale libera;Una carreggiata a senso unico di marcia;Bagnato (umidità in atto);Asfaltata;Orizzontale;Nuvoloso;Scarso;Buona;Ore Diurne;0;0;0;1;12.50187;41.90909;-1;1;Autovettura privata;In marcia / fermata / arresto;Conducente;M;Illeso;0;;Non accertato;Inesploso
3162218;2;03/02/2017 19:45;Strada Urbana;CORSO TRIESTE;in corrispondenza;;del civico n.;120;;Scontro frontale/laterale DX fra veicoli in marcia;Rettilineo;Due carreggiate;Bagnato (pioggia);Asfaltata;Verticale ed orizzontale;Pioggia in atto;Intenso;Buona;Sufficiente;0;0;0;3;12.51053;41.92126;-1;1;Autovettura privata;In marcia / fermata / arresto;Conducente;M;Illeso;0;;Non accertato;Inesploso