Protocollo;Gruppo;DataOraIncidente;Localizzazione1;STRADA1;Localizzazione2;STRADA2;Strada02;Chilometrica;DaSpecificare;NaturaIncidente;particolaritastrade;TipoStrada;FondoStradale;Pavimentazione;Segnaletica;CondizioneAtmosferica;Traffico;Visibilita;Illuminazione;NUM_FERITI;NUM_RISERVATA;NUM_MORTI;NUM_ILLESI;Longitudine;Latitudine;Confermato;Progressivo;TipoVeicolo;StatoVeicolo;TipoPersona;Sesso;Tipolesione;Deceduto;DecedutoDopo;CinturaCascoUtilizzato;Airbag
3164289;12;03/02/2017 02:50;Strada Urbana;VIALE DELL'OCEANO ATLANTICO;all'intersezione semaforizzata con;VIALE CESARE PAVESE;VIALE CESARE PAVESE;;;Scontro frontale/laterale SX fra veicoli in marcia;Intersezione semaforizzata;Due carreggiate;Asciutto;Asfaltata;Verticale ed orizzontale;Sereno;Scarso;Buona;Sufficiente;3;0;0;0;12.47153;41.82012;-1;2;Autovettura privata;In marcia / fermata / arresto;Conducente;M;Rimandato;0;NON DECEDUTO;Utilizzato;Inesploso
3164291;16;03/02/2017 08:15;Strada Urbana;VIA DI S. PANCRAZIO;in prossimità;;del civico n.;6;;Tamponamento Multiplo;Rettilineo;Una carreggiata a doppio senso;Asciutto;Asfaltata;Orizzontale;Sereno;Intenso;Buona;Ore Diurne;2;0;0;2;12.45953;41.88792;-1;1;Autovettura di polizia;In marcia / fermata / arresto;Conducente;M;Rimandato;0;NON DECEDUTO;Non accertato;Inesploso
3164291;16;03/02/2017 08:15;Strada Urbana;VIA DI S. PANCRAZIO;in prossimità;;del civico n.;6;;Tamponamento Multiplo;Rettilineo;Una carreggiata a doppio senso;Asciutto;Asfaltata;Orizzontale;Sereno;Intenso;Buona;Ore Diurne;2;0;0;2;12.45953;41.88792;-1;1;Autovettura di polizia;In marcia / fermata / arresto;Passeggero;M;Rimandato;0;NON DECEDUTO;Non accertato;Inesploso
3164291;16;03/02/2017 08:15;Strada Urbana;VIA DI S. PANCRAZIO;in prossimità;;del civico n.;6;;Tamponamento Multiplo;Rettilineo;Una carreggiata a doppio senso;Asciutto;Asfaltata;Orizzontale;Sereno;Intenso;Buona;Ore Diurne;2;0;0;2;12.45953;41.88792;-1;2;Autovettura privata;In marcia / fermata / arresto;Conducente;F;Illeso;0;;Non accertato;Inesploso
3164291;16;03/02/2017 08:15;Strada Urbana;VIA DI S. PANCRAZIO;in prossimità;;del civico n.;6;;Tamponamento Multiplo;Rettilineo;Una carreggiata a doppio senso;Asciutto;Asfaltata;Orizzontale;Sereno;Intenso;Buona;Ore Diurne;2;0;0;2;12.45953;41.88792;-1;3;Autovettura privata;In marcia / fermata / arresto;Conducente;M;Illeso;0;;Non accertato;Inesploso
3164297;17;04/02/2017 14:00;Strada Urbana;VIALE DELLE MILIZIE;all'intersezione semaforizzata con;VIA FORNOVO;VIA FORNOVO;;;Scontro laterale fra veicoli in marcia;Intersezione semaforizzata;Due carreggiate;Asciutto;Asfaltata;Verticale ed orizzontale;Nuvoloso;Normale;Buona;Ore Diurne;0;0;0;5;12.46843;41.91366;-1;1;Autovettura privata;In marcia / fermata / arresto;Conducente;M;Illeso;0;;Non accertato;Inesploso
3164297;17;04/02/2017 14:00;Strada Urbana;VIALE DELLE MILIZIE;all'intersezione semaforizzata con;VIA FORNOVO;VIA FORNOVO;;;Scontro laterale fra veicoli in marcia;Intersezione semaforizzata;Due carreggiate;Asciutto;Asfaltata;Verticale ed orizzontale;Nuvoloso;Normale;Buona;Ore Diurne;0;0;0;5;12.46843;41.91366;-1;1;Autovettura privata;In marcia / fermata / arresto;Passeggero;F;Illeso;0;;Non accertato;Inesploso
3164297;17;04/02/2017 14:00;Strada Urbana;VIALE DELLE MILIZIE;all'intersezione semaforizzata con;VIA FORNOVO;VIA FORNOVO;;;Scontro laterale fra veicoli in marcia;Intersezione semaforizzata;Due carreggiate;Asciutto;Asfaltata;Verticale ed orizzontale;Nuvoloso;Normale;Buona;Ore Diurne;0;0;0;5;12.46843;41.91366;-1;1;Autovettura privata;In marcia / fermata / arresto;Passeggero;F;Illeso;0;;Non utilizzato;Inesploso
3164297;17;04/02/2017 14:00;Strada Urbana;VIALE DELLE MILIZIE;all'intersezione semaforizzata con;VIA FORNOVO;VIA FORNOVO;;;Scontro laterale fra veicoli in marcia;Intersezione semaforizzata;Due carreggiate;Asciutto;Asfaltata;Verticale ed orizzontale;Nuvoloso;Normale;Buona;Ore Diurne;0;0;0;5;12.46843;41.91366;-1;1;Autovettura privata;In marcia / fermata / arresto;Passeggero;F;Illeso;0;;Non accertato;Inesploso
3164297;17;04/02/2017 14:00;Strada Urbana;VIALE DELLE MILIZIE;all'intersezione semaforizzata con;VIA FORNOVO;VIA FORNOVO;;;Scontro laterale fra veicoli in marcia;Intersezione semaforizzata;Due carreggiate;Asciutto;Asfaltata;Verticale ed orizzontale;Nuvoloso;Normale;Buona;Ore Diurne;0;0;0;5;12.46843;41.91366;-1;2;Autovettura privata;In marcia / fermata / arresto;Conducente;M;Illeso;0;;;
3164301;7;03/02/2017 19:50;Strada Urbana;VIA SALVIATI;all'intersezione con;VIA DI TOR CERVARA;VIA DI TOR CERVARA;;;Tamponamento;Intersezione semaforizzata;Una carreggiata a doppio senso;Bagnato (pioggia);Asfaltata;Assente;Pioggia in atto;Normale;Sufficiente;Sufficiente;0;0;0;4;12.58236;41.90621;-1;1;Autovettura privata;In marcia / fermata / arresto;Conducente;M;Illeso;0;;;
3164301;7;03/02/2017 19:50;Strada Urbana;VIA SALVIATI;all'intersezione con;VIA DI TOR CERVARA;VIA DI TOR CERVARA;;;Tamponamento;Intersezione semaforizzata;Una carreggiata a doppio senso;Bagnato (pioggia);Asfaltata;Assente;Pioggia in atto;Normale;Sufficiente;Sufficiente;0;0;0;4;12.58236;41.90621;-1;1;Autovettura privata;In marcia / fermata / arresto;Passeggero;M;Illeso;0;;;
3164301;7;03/02/2017 19:50;Strada Urbana;VIA SALVIATI;all'intersezione con;VIA DI TOR CERVARA;VIA DI TOR CERVARA;;;Tamponamento;Intersezione semaforizzata;Una carreggiata a doppio senso;Bagnato (pioggia);Asfaltata;Assente;Pioggia in atto;Normale;Sufficiente;Sufficiente;0;0;0;4;12.58236;41.90621;-1;2;Autovettura privata;In marcia / fermata / arresto;Conducente;F;Illeso;0;;;
3164301;7;03/02/2017 19:50;Strada Urbana;VIA SALVIATI;all'intersezione con;VIA DI TOR CERVARA;VIA DI TOR CERVARA;;;Tamponamento;Intersezione semaforizzata;Una carreggiata a doppio senso;Bagnato (pioggia);Asfaltata;Assente;Pioggia in atto;Normale;Sufficiente;Sufficiente;0;0;0;4;12.58236;41.90621;-1;2;Autovettura privata;In marcia / fermata / arresto;Passeggero;M;Illeso;0;;;
3164306;4;03/02/2017 15:50;Provinciale entro l'abitato;VIA NOMENTANA;in corrispondenza;;del civico n.;490;;Scontro laterale fra veicoli in marcia;Curva a visuale libera;Una carreggiata a doppio senso;Asciutto;Asfaltata;Verticale ed orizzontale;Sereno;Normale;Buona;Ore Diurne;0;0;0;5;12.53676;41.93547;-1;1;Macchina operatrice;In marcia / fermata / arresto;Conducente;M;Illeso;0;;;
3164306;4;03/02/2017 15:50;Provinciale entro l'abitato;VIA NOMENTANA;in corrispondenza;;del civico n.;490;;Scontro laterale fra veicoli in marcia;Curva a visuale libera;Una carreggiata a doppio senso;Asciutto;Asfaltata;Verticale ed orizzontale;Sereno;Normale;Buona;Ore Diurne;0;0;0;5;12.53676;41.93547;-1;1;Macchina operatrice;In marcia / fermata / arresto;Passeggero;M;Illeso;0;;Non accertato;
3164306;4;03/02/2017 15:50;Provinciale entro l'abitato;VIA NOMENTANA;in corrispondenza;;del civico n.;490;;Scontro laterale fra veicoli in marcia;Curva a visuale libera;Una carreggiata a doppio senso;Asciutto;Asfaltata;Verticale ed orizzontale;Sereno;Normale;Buona;Ore Diurne;0;0;0;5;12.53676;41.93547;-1;2;Autovettura privata;In marcia / fermata / arresto;Conducente;M;Illeso;0;;Non accertato;
3164306;4;03/02/2017 15:50;Provinciale entro l'abitato;VIA NOMENTANA;in corrispondenza;;del civico n.;490;;Scontro laterale fra veicoli in marcia;Curva a visuale libera;Una carreggiata a doppio senso;Asciutto;Asfaltata;Verticale ed orizzontale;Sereno;Normale;Buona;Ore Diurne;0;0;0;5;12.53676;41.93547;-1;2;Autovettura privata;In marcia / fermata / arresto;Passeggero;F;Illeso;0;;Non accertato;
3164306;4;03/02/2017 15:50;Provinciale entro l'abitato;VIA NOMENTANA;in corrispondenza;;del civico n.;490;;Scontro laterale fra veicoli in marcia;Curva a visuale libera;Una carreggiata a doppio senso;Asciutto;Asfaltata;Verticale ed orizzontale;Sereno;Normale;Buona;Ore Diurne;0;0;0;5;12.53676;41.93547;-1;2;Autovettura privata;In marcia / fermata / arresto;Passeggero;M;Illeso;0;;Non accertato;
3164311;17;04/02/2017 16:15;Strada Urbana;VIALE GIUSEPPE MAZZINI;all'intersezione semaforizzata con;VIALE ANGELICO;VIALE ANGELICO;;;Scontro laterale fra veicoli in marcia;Intersezione semaforizzata;Due carreggiate;Asciutto;Asfaltata;Verticale ed orizzontale;Nuvoloso;Normale;Buona;Ore Diurne;0;0;0;2;12.46287;41.91582;-1;1;Motociclo a solo;In marcia / fermata / arresto;Conducente;M;Illeso;0;;Non accertato;
3164311;17;04/02/2017 16:15;Strada Urbana;VIALE GIUSEPPE MAZZINI;all'intersezione semaforizzata con;VIALE ANGELICO;VIALE ANGELICO;;;Scontro laterale fra veicoli in marcia;Intersezione semaforizzata;Due carreggiate;Asciutto;Asfaltata;Verticale ed orizzontale;Nuvoloso;Normale;Buona;Ore Diurne;0;0;0;2;12.46287;41.91582;-1;2;Autovettura privata;In marcia / fermata / arresto;Conducente;F;Illeso;0;;Non accertato;Inesploso
3164328;19;03/02/2017 10:20;Strada Urbana;VIA MATTIA BATTISTINI;da specificare;;;;fronte civ. 580;Scontro laterale fra veicoli in marcia;Rettilineo;Una carreggiata a doppio senso;Asciutto;Asfaltata;Orizzontale;Sereno;Scarso;Buona;Ore Diurne;0;0;0;4;12.4186;41.91711;-1;1;Autovettura privata;In marcia / fermata / arresto;Conducente;M;Illeso;0;;Non accertato;Inesploso
3164328;19;03/02/2017 10:20;Strada Urbana;VIA MATTIA BATTISTINI;da specificare;;;;fronte civ. 580;Scontro laterale fra veicoli in marcia;Rettilineo;Una carreggiata a doppio senso;Asciutto;Asfaltata;Orizzontale;Sereno;Scarso;Buona;Ore Diurne;0;0;0;4;12.4186;41.91711;-1;1;Autovettura privata;In marcia / fermata / arresto;Passeggero;F;Illeso;0;;Non accertato;Inesploso
3164328;19;03/02/2017 10:20;Strada Urbana;VIA MATTIA BATTISTINI;da specificare;;;;fronte civ. 580;Scontro laterale fra veicoli in marcia;Rettilineo;Una carreggiata a doppio senso;Asciutto;Asfaltata;Orizzontale;Sereno;Scarso;Buona;Ore Diurne;0;0;0;4;12.4186;41.91711;-1;2;Autovettura privata;In marcia / fermata / arresto;Conducente;F;Illeso;0;;Non accertato;Inesploso
3164328;19;03/02/2017 10:20;Strada Urbana;VIA MATTIA BATTISTINI;da specificare;;;;fronte civ. 580;Scontro laterale fra veicoli in marcia;Rettilineo;Una carreggiata a doppio senso;Asciutto;Asfaltata;Orizzontale;Sereno;Scarso;Buona;Ore Diurne;0;0;0;4;12.4186;41.91711;-1;2;Autovettura privata;In marcia / fermata / arresto;Passeggero;M;Illeso;0;;Non accertato;Inesploso
3164338;4;04/02/2017 12:20;Strada Urbana;VIA DELLA BUFALOTTA;all'intersezione con;VIA DELLA CECCHINA;VIA DELLA CECCHINA;;;Scontro laterale fra veicoli in marcia;Incrocio;Una carreggiata a doppio senso;Asciutto;Asfaltata;Verticale ed orizzontale;Nuvoloso;Normale;Buona;Ore Diurne;0;0;0;3;12.54064;41.94875;-1;1;Autovettura privata;In marcia / fermata / arresto;Conducente;M;Illeso;0;;Non accertato;Inesploso
3164338;4;04/02/2017 12:20;Strada Urbana;VIA DELLA BUFALOTTA;all'intersezione con;VIA DELLA CECCHINA;VIA DELLA CECCHINA;;;Scontro laterale fra veicoli in marcia;Incrocio;Una carreggiata a doppio senso;Asciutto;Asfaltata;Verticale ed orizzontale;Nuvoloso;Normale;Buona;Ore Diurne;0;0;0;3;12.54064;41.94875;-1;1;Autovettura privata;In marcia / fermata / arresto;Passeggero;F;Illeso;0;;;
3164338;4;04/02/2017 12:20;Strada Urbana;VIA DELLA BUFALOTTA;all'intersezione con;VIA DELLA CECCHINA;VIA DELLA CECCHINA;;;Scontro laterale fra veicoli in marcia;Incrocio;Una carreggiata a doppio senso;Asciutto;Asfaltata;Verticale ed orizzontale;Nuvoloso;Normale;Buona;Ore Diurne;0;0;0;3;12.54064;41.94875;-1;2;Autovettura privata;In marcia / fermata / arresto;Conducente;F;Illeso;0;;Non accertato;Inesploso
3164339;18;03/02/2017 21:30;Statale;VIA AURELIA;in corrispondenza;;del civico n.;860;;Investimento di pedone;Rettilineo;Più di due carreggiate;Bagnato (umidità in atto);Asfaltata;Verticale ed orizzontale;Nuvoloso;Scarso;Insufficiente;Inesistente;1;0;0;1;12.39992;41.8856;-1;;;;Pedone;F;Rimandato;0;NON DECEDUTO;;
3164339;18;03/02/2017 21:30;Statale;VIA AURELIA;in corrispondenza;;del civico n.;860;;Investimento di pedone;Rettilineo;Più di due carreggiate;Bagnato (umidità in atto);Asfaltata;Verticale ed orizzontale;Nuvoloso;Scarso;Insufficiente;Inesistente;1;0;0;1;12.39992;41.8856;-1;1;Autovettura privata;In marcia / fermata / arresto;Conducente;M;Illeso;0;;;
3164342;1;06/02/2017 06:50;Strada Urbana;VIA CESARE BATTISTI;in prossimità;;del civico n.;120;;Tamponamento;Rettilineo;Una carreggiata a doppio senso;Bagnato (pioggia);Acciotolata;Verticale ed orizzontale;Pioggia in atto;Normale;Sufficiente;Ore Diurne;0;0;0;2;12.48307;41.8964;-1;1;Autocarro inferiore 35 q.;In marcia / fermata / arresto;Conducente;M;Illeso;0;;Non accertato;
3164342;1;06/02/2017 06:50;Strada Urbana;VIA CESARE BATTISTI;in prossimità;;del civico n.;120;;Tamponamento;Rettilineo;Una carreggiata a doppio senso;Bagnato (pioggia);Acciotolata;Verticale ed orizzontale;Pioggia in atto;Normale;Sufficiente;Ore Diurne;0;0;0;2;12.48307;41.8964;-1;2;Autovettura privata;In marcia / fermata / arresto;Conducente;M;Illeso;0;;Non accertato;
3164346;18;04/02/2017 01:30;Strada Urbana;VIA DI BOCCEA;in corrispondenza;;del civico n.;350B;;Veicolo in marcia contro veicoli in sosta;Rettilineo;Due carreggiate;Bagnato (umidità in atto);Asfaltata;Verticale ed orizzontale;Nuvoloso;Scarso;Buona;Sufficiente;0;0;0;2;12.41434;41.90318;-1;1;Quadriciclo leggero;In marcia / fermata / arresto;Conducente;M;Illeso;0;;Non accertato;
3164346;18;04/02/2017 01:30;Strada Urbana;VIA DI BOCCEA;in corrispondenza;;del civico n.;350B;;Veicolo in marcia contro veicoli in sosta;Rettilineo;Due carreggiate;Bagnato (umidità in atto);Asfaltata;Verticale ed orizzontale;Nuvoloso;Scarso;Buona;Sufficiente;0;0;0;2;12.41434;41.90318;-1;1;Quadriciclo leggero;In marcia / fermata / arresto;Passeggero;M;Illeso;0;;Non accertato;
3164347;4;03/02/2017 17:00;Statale entro l'abitato;VIA SALARIA;in corrispondenza;;del civico n.;1300;;Veicolo in marcia contro ostacolo accidentale;Rettilineo;Una carreggiata a doppio senso;Asciutto;Asfaltata;Verticale ed orizzontale;Sereno;Normale;Buona;Ore Diurne;0;0;0;2;12.51639;41.99606;-1;1;Autovettura privata;In marcia / fermata / arresto;Conducente;M;Illeso;0;;;
3164347;4;03/02/2017 17:00;Statale entro l'abitato;VIA SALARIA;in corrispondenza;;del civico n.;1300;;Veicolo in marcia contro ostacolo accidentale;Rettilineo;Una carreggiata a doppio senso;Asciutto;Asfaltata;Verticale ed orizzontale;Sereno;Normale;Buona;Ore Diurne;0;0;0;2;12.51639;41.99606;-1;1;Autovettura privata;In marcia / fermata / arresto;Passeggero;F;Illeso;0;;;
3164348;6;05/02/2017 00:20;Strada Urbana;VIA DI PORTA FURBA;all'intersezione con;SALITA DEL MANDRIONE;SALITA DEL MANDRIONE;;;Scontro frontale/laterale SX fra veicoli in marcia;Incrocio;Una carreggiata a senso unico di marcia;Asciutto;Asfaltata;Verticale;Sereno;Normale;Buona;Sufficiente;1;0;0;3;12.53993;41.87092;-1;1;Autovettura privata;In marcia / fermata / arresto;Conducente;F;Illeso;0;;Non accertato;Inesploso
3164348;6;05/02/2017 00:20;Strada Urbana;VIA DI PORTA FURBA;all'intersezione con;SALITA DEL MANDRIONE;SALITA DEL MANDRIONE;;;Scontro frontale/laterale SX fra veicoli in marcia;Incrocio;Una carreggiata a senso unico di marcia;Asciutto;Asfaltata;Verticale;Sereno;Normale;Buona;Sufficiente;1;0;0;3;12.53993;41.87092;-1;1;Autovettura privata;In marcia / fermata / arresto;Passeggero;F;Illeso;0;;Non accertato;Inesploso
3164348;6;05/02/2017 00:20;Strada Urbana;VIA DI PORTA FURBA;all'intersezione con;SALITA DEL MANDRIONE;SALITA DEL MANDRIONE;;;Scontro frontale/laterale SX fra veicoli in marcia;Incrocio;Una carreggiata a senso unico di marcia;Asciutto;Asfaltata;Verticale;Sereno;Normale;Buona;Sufficiente;1;0;0;3;12.53993;41.87092;-1;2;Autovettura privata;In marcia / fermata / arresto;Conducente;M;Rimandato;0;NON DECEDUTO;Non accertato;Inesploso
3164348;6;05/02/2017 00:20;Strada Urbana;VIA DI PORTA FURBA;all'intersezione con;SALITA DEL MANDRIONE;SALITA DEL MANDRIONE;;;Scontro frontale/laterale SX fra veicoli in marcia;Incrocio;Una carreggiata a senso unico di marcia;Asciutto;Asfaltata;Verticale;Sereno;Normale;Buona;Sufficiente;1;0;0;3;12.53993;41.87092;-1;2;Autovettura privata;In marcia / fermata / arresto;Passeggero;F;Illeso;0;;;
3164360;18;04/02/2017 18:50;Statale entro l'abitato;VIA AURELIA;da specificare;;;;prossimita' PIAZZA IRNERIO;Investimento di pedone;Rettilineo;Una carreggiata a doppio senso;Asciutto;Asfaltata;Verticale ed orizzontale;Nuvoloso;Normale;Sufficiente;Sufficiente;1;0;0;0;12.41308;41.89089;-1;;;;Pedone;M;Rimandato;0;NON DECEDUTO;;
3164366;16;03/02/2017 09:00;Strada Urbana;VIA AURELIA ANTICA;da specificare;;;;PALO ACEA 133;Scontro laterale fra veicoli in marcia;Rettilineo;Una carreggiata a doppio senso;Asciutto;Asfaltata;Assente;Sereno;Intenso;Buona;Ore Diurne;1;0;0;1;12.43502;41.89017;-1;1;Autovettura privata;In marcia / fermata / arresto;Conducente;M;Illeso;0;;Non accertato;
3164366;16;03/02/2017 09:00;Strada Urbana;VIA AURELIA ANTICA;da specificare;;;;PALO ACEA 133;Scontro laterale fra veicoli in marcia;Rettilineo;Una carreggiata a doppio senso;Asciutto;Asfaltata;Assente;Sereno;Intenso;Buona;Ore Diurne;1;0;0;1;12.43502;41.89017;-1;2;Motociclo a solo;In marcia / fermata / arresto;Conducente;M;Rimandato;0;NON DECEDUTO;Non accertato;
3164369;18;04/02/2017 23:20;Strada Urbana;VIA DELLA STAZIONE DI CESANO;da specificare;;;;IN CORRISPONDENZA DEL CAVALCAVIA FERROVIARIO;Veicolo in marcia contro ostacolo fisso;Curva senza visuale libera;Una carreggiata a doppio senso;Asciutto;Asfaltata;Verticale ed orizzontale;Nuvoloso;Scarso;Sufficiente;Sufficiente;1;0;0;0;12.32346;42.06415;-1;1;Autovettura privata;In marcia / fermata / arresto;Conducente;M;Rifiuta cure immediate;0;NON DECEDUTO;Utilizzato;Inesploso
3164370;19;05/02/2017 20:45;Strada Urbana;VIA DELLA GIUSTINIANA;in prossimità;;del civico n.;906;;Veicolo in marcia contro ostacolo fisso;Curva senza visuale libera;Una carreggiata a doppio senso;Bagnato (pioggia);Asfaltata;Orizzontale;Pioggia in atto;Scarso;Sufficiente;Sufficiente;1;0;0;0;12.42343;41.99748;-1;1;Autovettura privata;In marcia / fermata / arresto;Conducente;M;Rimandato;0;NON DECEDUTO;;
3164373;17;05/02/2017 05:00;Strada Urbana;PIAZZALE CLODIO;da specificare;;;;ALTEZZA CAPOLINEA ATAC;Veicolo in marcia contro ostacolo fisso;Rettilineo;Una carreggiata a senso unico di marcia;Asciutto;Asfaltata;Verticale ed orizzontale;Sereno;Scarso;Buona;Sufficiente;0;0;0;1;12.45494;41.91675;-1;1;Autovettura privata;In marcia / fermata / arresto;Conducente;M;Illeso;0;;;
3164376;18;05/02/2017 15:00;Strada Urbana;VIA AURELIA;in prossimità;;della chilometrica;10;;Veicolo in marcia contro ostacolo fisso;Curva senza visuale libera;Due carreggiate;Bagnato (pioggia);Asfaltata;Verticale ed orizzontale;Pioggia in atto;Normale;Buona;Ore Diurne;1;0;0;0;12.38472;41.88616;-1;1;Autovettura privata;In marcia / fermata / arresto;Conducente;F;Ricoverato;0;NON DECEDUTO;Non accertato;Esploso
3164389;10;05/02/2017 14:50;Strada Urbana;VIA TARQUINIO COLLATINO;all'intersezione con;VIA CALPURNIO PISONE;VIA CALPURNIO PISONE;;;Scontro frontale/laterale SX fra veicoli in marcia;Intersezione stradale segnalata;Una carreggiata a senso unico di marcia;Bagnato (pioggia);Asfaltata;Verticale ed orizzontale;Pioggia in atto;Scarso;Buona;Ore Diurne;1;0;0;1;12.56451;41.86121;-1;1;Autovettura privata;In marcia / fermata / arresto;Conducente;F;Illeso;0;;Non accertato;Inesploso
3164389;10;05/02/2017 14:50;Strada Urbana;VIA TARQUINIO COLLATINO;all'intersezione con;VIA CALPURNIO PISONE;VIA CALPURNIO PISONE;;;Scontro frontale/laterale SX fra veicoli in marcia;Intersezione stradale segnalata;Una carreggiata a senso unico di marcia;Bagnato (pioggia);Asfaltata;Verticale ed orizzontale;Pioggia in atto;Scarso;Buona;Ore Diurne;1;0;0;1;12.56451;41.86121;-1;2;Autovettura privata;In marcia / fermata / arresto;Conducente;M;Rimandato;0;NON DECEDUTO;Non accertato;Inesploso
3164392;17;04/02/2017 11:20;Strada Urbana;VIA ANASTASIO II;in prossimità;;del civico n.;301;;Tamponamento;Rettilineo;Due carreggiate;Asciutto;Asfaltata;Verticale ed orizzontale;Nuvoloso;Scarso;Buona;Ore Diurne;0;0;0;2;12.44272;41.90379;-1;1;Autovettura privata;In marcia / fermata / arresto;Conducente;M;Illeso;0;;Non accertato;Inesploso
3164392;17;04/02/2017 11:20;Strada Urbana;VIA ANASTASIO II;in prossimità;;del civico n.;301;;Tamponamento;Rettilineo;Due carreggiate;Asciutto;Asfaltata;Verticale ed orizzontale;Nuvoloso;Scarso;Buona;Ore Diurne;0;0;0;2;12.44272;41.90379;-1;2;Autovettura privata;In marcia / fermata / arresto;Conducente;M;Illeso;0;;Non accertato;Inesploso
3164394;17;05/02/2017 14:35;Strada Urbana;VIA DEGLI SCIPIONI;all'intersezione con;VIA EZIO;VIA EZIO;;;Scontro frontale/laterale DX fra veicoli in marcia;Incrocio;Una carreggiata a senso unico di marcia;Bagnato (pioggia);Asfaltata;Verticale ed orizzontale;Pioggia in atto;Scarso;Buona;Ore Diurne;0;0;0;8;12.46548;41.91039;-1;1;Autovettura privata;In marcia / fermata / arresto;Conducente;M;Illeso;0;;;
3164394;17;05/02/2017 14:35;Strada Urbana;VIA DEGLI SCIPIONI;all'intersezione con;VIA EZIO;VIA EZIO;;;Scontro frontale/laterale DX fra veicoli in marcia;Incrocio;Una carreggiata a senso unico di marcia;Bagnato (pioggia);Asfaltata;Verticale ed orizzontale;Pioggia in atto;Scarso;Buona;Ore Diurne;0;0;0;8;12.46548;41.91039;-1;1;Autovettura privata;In marcia / fermata / arresto;Passeggero;F;Illeso;0;;;
3164394;17;05/02/2017 14:35;Strada Urbana;VIA DEGLI SCIPIONI;all'intersezione con;VIA EZIO;VIA EZIO;;;Scontro frontale/laterale DX fra veicoli in marcia;Incrocio;Una carreggiata a senso unico di marcia;Bagnato (pioggia);Asfaltata;Verticale ed orizzontale;Pioggia in atto;Scarso;Buona;Ore Diurne;0;0;0;8;12.46548;41.91039;-1;1;Autovettura privata;In marcia / fermata / arresto;Passeggero;F;Illeso;0;;;
3164394;17;05/02/2017 14:35;Strada Urbana;VIA DEGLI SCIPIONI;all'intersezione con;VIA EZIO;VIA EZIO;;;Scontro frontale/laterale DX fra veicoli in marcia;Incrocio;Una carreggiata a senso unico di marcia;Bagnato (pioggia);Asfaltata;Verticale ed orizzontale;Pioggia in atto;Scarso;Buona;Ore Diurne;0;0;0;8;12.46548;41.91039;-1;2;Autovettura privata;In marcia / fermata / arresto;Conducente;F;Illeso;0;;;
3164394;17;05/02/2017 14:35;Strada Urbana;VIA DEGLI SCIPIONI;all'intersezione con;VIA EZIO;VIA EZIO;;;Scontro frontale/laterale DX fra veicoli in marcia;Incrocio;Una carreggiata a senso unico di marcia;Bagnato (pioggia);Asfaltata;Verticale ed orizzontale;Pioggia in atto;Scarso;Buona;Ore Diurne;0;0;0;8;12.46548;41.91039;-1;2;Autovettura privata;In marcia / fermata / arresto;Passeggero;M;Illeso;0;;;
3164394;17;05/02/2017 14:35;Strada Urbana;VIA DEGLI SCIPIONI;all'intersezione con;VIA EZIO;VIA EZIO;;;Scontro frontale/laterale DX fra veicoli in marcia;Incrocio;Una carreggiata a senso unico di marcia;Bagnato (pioggia);Asfaltata;Verticale ed orizzontale;Pioggia in atto;Scarso;Buona;Ore Diurne;0;0;0;8;12.46548;41.91039;-1;2;Autovettura privata;In marcia / fermata / arresto;Passeggero;M;Illeso;0;;;
3164394;17;05/02/2017 14:35;Strada Urbana;VIA DEGLI SCIPIONI;all'intersezione con;VIA EZIO;VIA EZIO;;;Scontro frontale/laterale DX fra veicoli in marcia;Incrocio;Una carreggiata a senso unico di marcia;Bagnato (pioggia);Asfaltata;Verticale ed orizzontale;Pioggia in atto;Scarso;Buona;Ore Diurne;0;0;0;8;12.46548;41.91039;-1;2;Autovettura privata;In marcia / fermata / arresto;Passeggero;M;Illeso;0;;;
3164394;17;05/02/2017 14:35;Strada Urbana;VIA DEGLI SCIPIONI;all'intersezione con;VIA EZIO;VIA EZIO;;;Scontro frontale/laterale DX fra veicoli in marcia;Incrocio;Una carreggiata a senso unico di marcia;Bagnato (pioggia);Asfaltata;Verticale ed orizzontale;Pioggia in atto;Scarso;Buona;Ore Diurne;0;0;0;8;12.46548;41.91039;-1;2;Autovettura privata;In marcia / fermata / arresto;Passeggero;F;Illeso;0;;;
3164397;12;02/02/2017 07:45;Regionale;VIA PONTINA;in corrispondenza;;della chilometrica;23.5;;Tamponamento Multiplo;Rettilineo;Due carreggiate;Asciutto;Asfaltata;Verticale ed orizzontale;Sereno;Intenso;Buona;Ore Diurne;0;0;0;5;12.45187;41.79329;-1;1;Autocarro inferiore 35 q.;In marcia / fermata / arresto;Conducente;M;Illeso;0;;Utilizzato;Inesploso
3164397;12;02/02/2017 07:45;Regionale;VIA PONTINA;in corrispondenza;;della chilometrica;23.5;;Tamponamento Multiplo;Rettilineo;Due carreggiate;Asciutto;Asfaltata;Verticale ed orizzontale;Sereno;Intenso;Buona;Ore Diurne;0;0;0;5;12.45187;41.79329;-1;1;Autocarro inferiore 35 q.;In marcia / fermata / arresto;Passeggero;M;Illeso;0;;Non utilizzato;Inesploso
3164397;12;02/02/2017 07:45;Regionale;VIA PONTINA;in corrispondenza;;della chilometrica;23.5;;Tamponamento Multiplo;Rettilineo;Due carreggiate;Asciutto;Asfaltata;Verticale ed orizzontale;Sereno;Intenso;Buona;Ore Diurne;0;0;0;5;12.45187;41.79329;-1;2;Autovettura privata;In marcia / fermata / arresto;Conducente;M;Illeso;0;;Non accertato;Inesploso
3164397;12;02/02/2017 07:45;Regionale;VIA PONTINA;in corrispondenza;;della chilometrica;23.5;;Tamponamento Multiplo;Rettilineo;Due carreggiate;Asciutto;Asfaltata;Verticale ed orizzontale;Sereno;Intenso;Buona;Ore Diurne;0;0;0;5;12.45187;41.79329;-1;3;Autocarro inferiore 35 q.;In marcia / fermata / arresto;Conducente;M;Illeso;0;;Non accertato;Inesploso