Protocollo;Gruppo;DataOraIncidente;Localizzazione1;STRADA1;Localizzazione2;STRADA2;Strada02;Chilometrica;DaSpecificare;NaturaIncidente;particolaritastrade;TipoStrada;FondoStradale;Pavimentazione;Segnaletica;CondizioneAtmosferica;Traffico;Visibilita;Illuminazione;NUM_FERITI;NUM_RISERVATA;NUM_MORTI;NUM_ILLESI;Longitudine;Latitudine;Confermato;Progressivo;TipoVeicolo;StatoVeicolo;TipoPersona;Sesso;Tipolesione;Deceduto;DecedutoDopo;CinturaCascoUtilizzato;Airbag
3164840;18;06/02/2017 07:30;Strada Urbana;VIA DI BOCCEA;da specificare;;;;fronte civico 575;Scontro frontale/laterale DX fra veicoli in marcia;Rettilineo;Una carreggiata a doppio senso;Bagnato (pioggia);Asfaltata;Verticale ed orizzontale;Pioggia in atto;Normale;Buona;Ore Diurne;3;0;0;1;12.37884;41.91698;-1;2;Autovettura privata;In marcia / fermata / arresto;Passeggero;F;Rimandato;0;NON DECEDUTO;Non accertato;Inesploso
3164840;18;06/02/2017 07:30;Strada Urbana;VIA DI BOCCEA;da specificare;;;;fronte civico 575;Scontro frontale/laterale DX fra veicoli in marcia;Rettilineo;Una carreggiata a doppio senso;Bagnato (pioggia);Asfaltata;Verticale ed orizzontale;Pioggia in atto;Normale;Buona;Ore Diurne;3;0;0;1;12.37884;41.91698;-1;2;Autovettura privata;In marcia / fermata / arresto;Passeggero;F;Rimandato;0;NON DECEDUTO;Non accertato;Inesploso
3164844;13;06/02/2017 07:15;Strada Urbana;VIALE DI CASTEL PORZIANO;da specificare;;;;altezza via Angelo Mariani;Investimento di pedone;Rettilineo;Una carreggiata a doppio senso;Bagnato (pioggia);Asfaltata;Verticale ed orizzontale;Nebbia;Normale;Sufficiente;Ore Diurne;1;0;0;2;12.34914;41.73083;-1;;;;Pedone;M;Ricoverato;0;NON DECEDUTO;;
3164844;13;06/02/2017 07:15;Strada Urbana;VIALE DI CASTEL PORZIANO;da specificare;;;;altezza via Angelo Mariani;Investimento di pedone;Rettilineo;Una carreggiata a doppio senso;Bagnato (pioggia);Asfaltata;Verticale ed orizzontale;Nebbia;Normale;Sufficiente;Ore Diurne;1;0;0;2;12.34914;41.73083;-1;1;Autovettura privata;In marcia / fermata / arresto;Conducente;F;Illeso;0;;Non accertato;Inesploso
3164844;13;06/02/2017 07:15;Strada Urbana;VIALE DI CASTEL PORZIANO;da specificare;;;;altezza via Angelo Mariani;Investimento di pedone;Rettilineo;Una carreggiata a doppio senso;Bagnato (pioggia);Asfaltata;Verticale ed orizzontale;Nebbia;Normale;Sufficiente;Ore Diurne;1;0;0;2;12.34914;41.73083;-1;2;Autovettura privata;In marcia / fermata / arresto;Conducente;M;Illeso;0;;Non accertato;Inesploso
3164851;16;04/02/2017 08:45;Strada Urbana;CIRCONVALLAZIONE GIANICOLENSE;all'intersezione semaforizzata con;VIA BERNARDINO RAMAZZINI;VIA BERNARDINO RAMAZZINI;;;Scontro frontale/laterale SX fra veicoli in marcia;Intersezione semaforizzata;Più di due carreggiate;Asciutto;Asfaltata;Verticale ed orizzontale;Sereno;Normale;Buona;Ore Diurne;0;0;0;2;12.45321;41.8702;-1;1;Autovettura privata;In marcia / fermata / arresto;Conducente;M;Illeso;0;;Non accertato;
3164851;16;04/02/2017 08:45;Strada Urbana;CIRCONVALLAZIONE GIANICOLENSE;all'intersezione semaforizzata con;VIA BERNARDINO RAMAZZINI;VIA BERNARDINO RAMAZZINI;;;Scontro frontale/laterale SX fra veicoli in marcia;Intersezione semaforizzata;Più di due carreggiate;Asciutto;Asfaltata;Verticale ed orizzontale;Sereno;Normale;Buona;Ore Diurne;0;0;0;2;12.45321;41.8702;-1;2;Autovettura privata;In marcia / fermata / arresto;Conducente;F;Illeso;0;;Non accertato;
3164855;1;06/02/2017 08:55;Strada Urbana;PIAZZA ALBANIA;all'intersezione con;VIA DI S. SABA;VIA DI S. SABA;;;Infortunio per sola frenata improvvisa;Intersezione semaforizzata;Una carreggiata a senso unico di marcia;Bagnato (pioggia);In cubetti di porfido;Verticale ed orizzontale;Pioggia in atto;Normale;Buona;Ore Diurne;1;0;0;0;12.48253;41.88002;-1;1;Motociclo a solo;In marcia / fermata / arresto;Conducente;M;Rimandato;0;NON DECEDUTO;;
3164859;7;06/02/2017 11:15;Strada Urbana;VIALE PALMIRO TOGLIATTI;da specificare;;;;ALTEZZA VIA PRENESTINA;Tamponamento;Rettilineo;Due carreggiate;Bagnato (pioggia);Asfaltata;Verticale ed orizzontale;Nuvoloso;Normale;Buona;Ore Diurne;1;0;0;2;12.57539;41.8949;-1;1;Ciclomotore;In marcia / fermata / arresto;Conducente;F;Rimandato;0;NON DECEDUTO;Non accertato;
3164859;7;06/02/2017 11:15;Strada Urbana;VIALE PALMIRO TOGLIATTI;da specificare;;;;ALTEZZA VIA PRENESTINA;Tamponamento;Rettilineo;Due carreggiate;Bagnato (pioggia);Asfaltata;Verticale ed orizzontale;Nuvoloso;Normale;Buona;Ore Diurne;1;0;0;2;12.57539;41.8949;-1;2;Autovettura privata;In marcia / fermata / arresto;Conducente;M;Illeso;0;;Non accertato;Inesploso
3164859;7;06/02/2017 11:15;Strada Urbana;VIALE PALMIRO TOGLIATTI;da specificare;;;;ALTEZZA VIA PRENESTINA;Tamponamento;Rettilineo;Due carreggiate;Bagnato (pioggia);Asfaltata;Verticale ed orizzontale;Nuvoloso;Normale;Buona;Ore Diurne;1;0;0;2;12.57539;41.8949;-1;2;Autovettura privata;In marcia / fermata / arresto;Passeggero;F;Illeso;0;;Non accertato;Inesploso
3164883;1;06/02/2017 11:00;Strada Urbana;VIA DI PORTA S. LORENZO;da specificare;;;;.;Infortunio per sola frenata improvvisa;Rettilineo;Una carreggiata a senso unico di marcia;Bagnato (pioggia);Acciotolata;Assente;Nuvoloso;Normale;Sufficiente;Ore Diurne;1;0;0;0;12.5101;41.89734;-1;1;Motociclo a solo;In marcia / fermata / arresto;Conducente;M;Rimandato;0;NON DECEDUTO;;
3164992;10;06/02/2017 13:50;Strada Urbana;VIA DELLE CAPANNELLE;in corrispondenza;;del civico n.;142;;Scontro laterale fra veicoli in marcia;Rettilineo;Una carreggiata a doppio senso;Bagnato (pioggia);Asfaltata;Assente;Nuvoloso;Scarso;Buona;Ore Diurne;1;0;0;1;12.57231;41.83562;-1;1;Autovettura privata;In marcia / fermata / arresto;Conducente;M;Illeso;0;;Non accertato;Inesploso
3164992;10;06/02/2017 13:50;Strada Urbana;VIA DELLE CAPANNELLE;in corrispondenza;;del civico n.;142;;Scontro laterale fra veicoli in marcia;Rettilineo;Una carreggiata a doppio senso;Bagnato (pioggia);Asfaltata;Assente;Nuvoloso;Scarso;Buona;Ore Diurne;1;0;0;1;12.57231;41.83562;-1;2;Motociclo a solo;In marcia / fermata / arresto;Conducente;M;Ricoverato;0;NON DECEDUTO;Non accertato;
3164996;9;06/02/2017 09:25;Strada Urbana;LARGO VERCELLI;all'intersezione con;PIAZZA DEI RE DI ROMA;PIAZZA DEI RE DI ROMA;;;Investimento di pedone;Incrocio;Una carreggiata a senso unico di marcia;Asciutto;Asfaltata;Orizzontale;Sereno;Normale;Buona;Ore Diurne;1;0;0;1;12.515;41.88198;-1;;;;Pedone;M;Rimandato;0;NON DECEDUTO;;
3164996;9;06/02/2017 09:25;Strada Urbana;LARGO VERCELLI;all'intersezione con;PIAZZA DEI RE DI ROMA;PIAZZA DEI RE DI ROMA;;;Investimento di pedone;Incrocio;Una carreggiata a senso unico di marcia;Asciutto;Asfaltata;Orizzontale;Sereno;Normale;Buona;Ore Diurne;1;0;0;1;12.515;41.88198;-1;1;Autovettura privata;In marcia / fermata / arresto;Conducente;M;Illeso;0;;Non accertato;Inesploso
3165015;15;06/02/2017 09:00;Strada Urbana;VIALE ISACCO NEWTON;da specificare;;;;25 mt prima della rampa per Vicolo di Papa Leone;Fuoriuscita dalla sede stradale;Curva a visuale libera;Due carreggiate;Bagnato (pioggia);Asfaltata;Orizzontale;Pioggia in atto;Normale;Buona;Ore Diurne;0;0;0;1;12.44124;41.85753;-1;1;Autovettura privata;In marcia / fermata / arresto;Conducente;M;Illeso;0;;Non accertato;Inesploso
3165022;15;06/02/2017 10:30;Strada Urbana;VIALE PROSPERO COLONNA;all'intersezione con;VIA PIETRO VENTURI;VIA PIETRO VENTURI;;;Scontro laterale fra veicoli in marcia;Incrocio;Due carreggiate;Bagnato (pioggia);Asfaltata;Verticale ed orizzontale;Pioggia in atto;Normale;Buona;Ore Diurne;1;0;0;1;12.45357;41.85627;-1;1;Autovettura privata;In marcia / fermata / arresto;Conducente;M;Illeso;0;;Utilizzato;Inesploso
3165022;15;06/02/2017 10:30;Strada Urbana;VIALE PROSPERO COLONNA;all'intersezione con;VIA PIETRO VENTURI;VIA PIETRO VENTURI;;;Scontro laterale fra veicoli in marcia;Incrocio;Due carreggiate;Bagnato (pioggia);Asfaltata;Verticale ed orizzontale;Pioggia in atto;Normale;Buona;Ore Diurne;1;0;0;1;12.45357;41.85627;-1;2;Motociclo a solo;In marcia / fermata / arresto;Conducente;M;Rimandato;0;NON DECEDUTO;Utilizzato;
3165024;15;06/02/2017 10:50;Strada Urbana;VIA DEL TRULLO;all'intersezione semaforizzata con;VIA DEL MONTE DELLE CAPRE;VIA DEL MONTE DELLE CAPRE;;;Investimento di pedone;Intersezione semaforizzata;Due carreggiate;Bagnato (pioggia);Asfaltata;Verticale ed orizzontale;Pioggia in atto;Normale;Buona;Ore Diurne;1;0;0;1;12.43677;41.84303;-1;;;;Pedone;M;Rimandato;0;NON DECEDUTO;;
3165024;15;06/02/2017 10:50;Strada Urbana;VIA DEL TRULLO;all'intersezione semaforizzata con;VIA DEL MONTE DELLE CAPRE;VIA DEL MONTE DELLE CAPRE;;;Investimento di pedone;Intersezione semaforizzata;Due carreggiate;Bagnato (pioggia);Asfaltata;Verticale ed orizzontale;Pioggia in atto;Normale;Buona;Ore Diurne;1;0;0;1;12.43677;41.84303;-1;1;Autovettura privata;In marcia / fermata / arresto;Conducente;F;Illeso;0;;Utilizzato;
3165028;15;06/02/2017 08:50;Strada Urbana;VIA DEL TRULLO;in corrispondenza;;del civico n.;152;;Scontro frontale/laterale DX fra veicoli in marcia;Rettilineo;Una carreggiata a senso unico di marcia;Bagnato (pioggia);Asfaltata;Verticale ed orizzontale;Nuvoloso;Normale;Buona;Ore Diurne;0;0;0;2;12.4357;41.84757;-1;1;Autovettura privata;In marcia / fermata / arresto;Conducente;M;Illeso;0;;Non accertato;Inesploso
3165028;15;06/02/2017 08:50;Strada Urbana;VIA DEL TRULLO;in corrispondenza;;del civico n.;152;;Scontro frontale/laterale DX fra veicoli in marcia;Rettilineo;Una carreggiata a senso unico di marcia;Bagnato (pioggia);Asfaltata;Verticale ed orizzontale;Nuvoloso;Normale;Buona;Ore Diurne;0;0;0;2;12.4357;41.84757;-1;2;Autovettura privata;In marcia / fermata / arresto;Conducente;F;Illeso;0;;Non accertato;Inesploso
3165046;12;03/02/2017 14:35;Strada Urbana;VIA DEL MARE;in corrispondenza;;del civico n.;704;;Scontro frontale/laterale DX fra veicoli in marcia;Rettilineo;Una carreggiata a doppio senso;Asciutto;Asfaltata;Verticale;Nuvoloso;Normale;Buona;Ore Diurne;0;0;0;3;12.46313;41.84033;-1;1;Autocarro inferiore 35 q.;In marcia / fermata / arresto;Conducente;M;Illeso;0;;Utilizzato;Inesploso
3165046;12;03/02/2017 14:35;Strada Urbana;VIA DEL MARE;in corrispondenza;;del civico n.;704;;Scontro frontale/laterale DX fra veicoli in marcia;Rettilineo;Una carreggiata a doppio senso;Asciutto;Asfaltata;Verticale;Nuvoloso;Normale;Buona;Ore Diurne;0;0;0;3;12.46313;41.84033;-1;1;Autocarro inferiore 35 q.;In marcia / fermata / arresto;Passeggero;M;Illeso;0;;Utilizzato;Inesploso
3165046;12;03/02/2017 14:35;Strada Urbana;VIA DEL MARE;in corrispondenza;;del civico n.;704;;Scontro frontale/laterale DX fra veicoli in marcia;Rettilineo;Una carreggiata a doppio senso;Asciutto;Asfaltata;Verticale;Nuvoloso;Normale;Buona;Ore Diurne;0;0;0;3;12.46313;41.84033;-1;2;Autovettura privata;In marcia / fermata / arresto;Conducente;M;Illeso;0;;Utilizzato;Inesploso
3165080;12;05/02/2017 21:30;Strada Urbana;VIA POGGIO DI VENACO;all'intersezione con;VIALE DESIDERATO PIETRI;VIALE DESIDERATO PIETRI;;;Scontro laterale fra veicoli in marcia;Incrocio;Una carreggiata a senso unico di marcia;Bagnato (pioggia);Asfaltata;Assente;Pioggia in atto;Scarso;Sufficiente;Sufficiente;1;0;0;2;12.29129;41.72724;-1;1;Autovettura privata;In marcia / fermata / arresto;Conducente;M;Illeso;0;;Utilizzato;Inesploso
3165080;12;05/02/2017 21:30;Strada Urbana;VIA POGGIO DI VENACO;all'intersezione con;VIALE DESIDERATO PIETRI;VIALE DESIDERATO PIETRI;;;Scontro laterale fra veicoli in marcia;Incrocio;Una carreggiata a senso unico di marcia;Bagnato (pioggia);Asfaltata;Assente;Pioggia in atto;Scarso;Sufficiente;Sufficiente;1;0;0;2;12.29129;41.72724;-1;1;Autovettura privata;In marcia / fermata / arresto;Passeggero;F;Illeso;0;;Utilizzato;Inesploso
3165080;12;05/02/2017 21:30;Strada Urbana;VIA POGGIO DI VENACO;all'intersezione con;VIALE DESIDERATO PIETRI;VIALE DESIDERATO PIETRI;;;Scontro laterale fra veicoli in marcia;Incrocio;Una carreggiata a senso unico di marcia;Bagnato (pioggia);Asfaltata;Assente;Pioggia in atto;Scarso;Sufficiente;Sufficiente;1;0;0;2;12.29129;41.72724;-1;2;Autovettura privata;In marcia / fermata / arresto;Conducente;F;Rimandato;0;NON DECEDUTO;Utilizzato;Inesploso
3165113;18;06/02/2017 10:50;Statale;VIA AURELIA;da specificare;;;;RAMPA VIA DI ACQUAFREDDA DIR. ROMA CENTRO;Veicolo in marcia contro ostacolo fisso;Cavalcavia;Una carreggiata a senso unico alternato;Bagnato (pioggia);Asfaltata;Verticale ed orizzontale;Pioggia in atto;Normale;Buona;Ore Diurne;0;0;0;1;12.38901;41.88583;-1;1;Autovettura privata;In marcia / fermata / arresto;Conducente;M;Illeso;0;;Non accertato;Esploso
3165119;12;02/02/2017 22:30;Strada Urbana;VIA DI VIGNA MURATA;da specificare;;;;altezza distributore AGIP dir.ne Laurentina ;Veicolo in marcia contro ostacolo fisso;Rettilineo;Due carreggiate;Asciutto;Asfaltata;Orizzontale;Sereno;Scarso;Buona;Sufficiente;0;0;0;1;12.49872;41.82626;-1;1;Autovettura privata;In marcia / fermata / arresto;Conducente;M;Illeso;0;;Utilizzato;Inesploso
3165127;18;06/02/2017 15:20;Strada Urbana;VIA AURELIA ANTICA;all'intersezione con;VIA DI VILLA BETANIA;VIA DI VILLA BETANIA;;;Scontro laterale fra veicoli in marcia;Intersezione stradale segnalata;Una carreggiata a senso unico di marcia;Bagnato (pioggia);Asfaltata;Verticale ed orizzontale;Pioggia in atto;Normale;Buona;Ore Diurne;0;0;0;3;12.44286;41.88926;-1;1;Autobus urbano;In marcia / fermata / arresto;Conducente;M;Illeso;0;;Non accertato;Inesistente
3165127;18;06/02/2017 15:20;Strada Urbana;VIA AURELIA ANTICA;all'intersezione con;VIA DI VILLA BETANIA;VIA DI VILLA BETANIA;;;Scontro laterale fra veicoli in marcia;Intersezione stradale segnalata;Una carreggiata a senso unico di marcia;Bagnato (pioggia);Asfaltata;Verticale ed orizzontale;Pioggia in atto;Normale;Buona;Ore Diurne;0;0;0;3;12.44286;41.88926;-1;2;Quadriciclo leggero;In marcia / fermata / arresto;Conducente;M;Illeso;0;;Non accertato;Inesploso
3165127;18;06/02/2017 15:20;Strada Urbana;VIA AURELIA ANTICA;all'intersezione con;VIA DI VILLA BETANIA;VIA DI VILLA BETANIA;;;Scontro laterale fra veicoli in marcia;Intersezione stradale segnalata;Una carreggiata a senso unico di marcia;Bagnato (pioggia);Asfaltata;Verticale ed orizzontale;Pioggia in atto;Normale;Buona;Ore Diurne;0;0;0;3;12.44286;41.88926;-1;2;Quadriciclo leggero;In marcia / fermata / arresto;Passeggero;M;Illeso;0;;Non accertato;Inesistente
3165139;12;03/02/2017 22:10;Strada Urbana;VIALE DEI QUATTRO VENTI;in prossimità;;del civico n.;18;;Scontro laterale fra veicoli in marcia;Rettilineo;Una carreggiata a doppio senso;Asciutto;Asfaltata;Assente;Nuvoloso;Scarso;Buona;Sufficiente;0;0;0;4;12.49457;41.90465;-1;1;Autovettura privata;In marcia / fermata / arresto;Conducente;M;Illeso;0;;Utilizzato;Inesploso
3165139;12;03/02/2017 22:10;Strada Urbana;VIALE DEI QUATTRO VENTI;in prossimità;;del civico n.;18;;Scontro laterale fra veicoli in marcia;Rettilineo;Una carreggiata a doppio senso;Asciutto;Asfaltata;Assente;Nuvoloso;Scarso;Buona;Sufficiente;0;0;0;4;12.49457;41.90465;-1;1;Autovettura privata;In marcia / fermata / arresto;Passeggero;M;Illeso;0;;Utilizzato;Inesploso
3165139;12;03/02/2017 22:10;Strada Urbana;VIALE DEI QUATTRO VENTI;in prossimità;;del civico n.;18;;Scontro laterale fra veicoli in marcia;Rettilineo;Una carreggiata a doppio senso;Asciutto;Asfaltata;Assente;Nuvoloso;Scarso;Buona;Sufficiente;0;0;0;4;12.49457;41.90465;-1;2;Autovettura privata;In marcia / fermata / arresto;Conducente;M;Illeso;0;;Utilizzato;Inesploso
3165154;11;06/02/2017 15:30;Strada Urbana;VIA LAURENTINA;in prossimità;;del civico n.;251;;Tamponamento;Rettilineo;Più di due carreggiate;Bagnato (pioggia);Asfaltata;Verticale ed orizzontale;Nuvoloso;Normale;Buona;Ore Diurne;1;0;0;4;12.48078;41.84267;-1;1;Autovettura privata;In marcia / fermata / arresto;Conducente;M;Illeso;0;;Non accertato;Inesploso
3165154;11;06/02/2017 15:30;Strada Urbana;VIA LAURENTINA;in prossimità;;del civico n.;251;;Tamponamento;Rettilineo;Più di due carreggiate;Bagnato (pioggia);Asfaltata;Verticale ed orizzontale;Nuvoloso;Normale;Buona;Ore Diurne;1;0;0;4;12.48078;41.84267;-1;1;Autovettura privata;In marcia / fermata / arresto;Passeggero;F;Illeso;0;;Non accertato;Inesploso
3165154;11;06/02/2017 15:30;Strada Urbana;VIA LAURENTINA;in prossimità;;del civico n.;251;;Tamponamento;Rettilineo;Più di due carreggiate;Bagnato (pioggia);Asfaltata;Verticale ed orizzontale;Nuvoloso;Normale;Buona;Ore Diurne;1;0;0;4;12.48078;41.84267;-1;1;Autovettura privata;In marcia / fermata / arresto;Passeggero;F;Rimandato;0;NON DECEDUTO;Non accertato;Inesploso
3165154;11;06/02/2017 15:30;Strada Urbana;VIA LAURENTINA;in prossimità;;del civico n.;251;;Tamponamento;Rettilineo;Più di due carreggiate;Bagnato (pioggia);Asfaltata;Verticale ed orizzontale;Nuvoloso;Normale;Buona;Ore Diurne;1;0;0;4;12.48078;41.84267;-1;1;Autovettura privata;In marcia / fermata / arresto;Passeggero;M;Illeso;0;;Non accertato;Inesploso
3165154;11;06/02/2017 15:30;Strada Urbana;VIA LAURENTINA;in prossimità;;del civico n.;251;;Tamponamento;Rettilineo;Più di due carreggiate;Bagnato (pioggia);Asfaltata;Verticale ed orizzontale;Nuvoloso;Normale;Buona;Ore Diurne;1;0;0;4;12.48078;41.84267;-1;2;Autovettura privata;In marcia / fermata / arresto;Conducente;M;Illeso;0;;Non accertato;Inesploso
3165230;20;06/02/2017 16:45;Strada Urbana;VIA DEL FORO ITALICO;da specificare;;;;dir. San Giovanni interno galleria Fleming;Scontro laterale fra veicoli in marcia;Rettilineo;Due carreggiate;Bagnato (pioggia);Asfaltata;Orizzontale;Pioggia in atto;Intenso;Buona;Ore Diurne;0;0;0;2;12.47397;41.94061;-1;1;Autovettura privata;In marcia / fermata / arresto;Conducente;M;Illeso;0;;Non accertato;Inesploso
3165230;20;06/02/2017 16:45;Strada Urbana;VIA DEL FORO ITALICO;da specificare;;;;dir. San Giovanni interno galleria Fleming;Scontro laterale fra veicoli in marcia;Rettilineo;Due carreggiate;Bagnato (pioggia);Asfaltata;Orizzontale;Pioggia in atto;Intenso;Buona;Ore Diurne;0;0;0;2;12.47397;41.94061;-1;2;Autovettura privata;In marcia / fermata / arresto;Conducente;M;Illeso;0;;Non accertato;Inesploso
3165234;12;04/02/2017 14:50;Strada Urbana;VIADOTTO DELLA MAGLIANA;da specificare;;;;direzione FIUMICINO altezza VIA CAPPELLACCIO;Scontro frontale fra veicoli in marcia;Curva senza visuale libera;Due carreggiate;Asciutto;Asfaltata;Verticale ed orizzontale;Nuvoloso;Normale;Buona;Ore Diurne;0;0;0;2;12.461;41.83917;-1;1;Autovettura privata;In marcia / fermata / arresto;Conducente;F;Illeso;0;;Non accertato;Inesploso
3165234;12;04/02/2017 14:50;Strada Urbana;VIADOTTO DELLA MAGLIANA;da specificare;;;;direzione FIUMICINO altezza VIA CAPPELLACCIO;Scontro frontale fra veicoli in marcia;Curva senza visuale libera;Due carreggiate;Asciutto;Asfaltata;Verticale ed orizzontale;Nuvoloso;Normale;Buona;Ore Diurne;0;0;0;2;12.461;41.83917;-1;2;Autovettura privata;In marcia / fermata / arresto;Conducente;F;Illeso;0;;Non accertato;Inesploso
3165243;6;06/02/2017 15:45;Strada Urbana;VIA DELLA MARRANELLA;all'intersezione con;VIA VISCONTE MAGGIOLO;VIA VISCONTE MAGGIOLO;;;Scontro frontale/laterale DX fra veicoli in marcia;Incrocio;Una carreggiata a senso unico di marcia;Bagnato (pioggia);Asfaltata;Verticale;Pioggia in atto;Normale;Buona;Ore Diurne;1;0;0;1;12.54232;41.88328;-1;1;Autovettura privata;In marcia / fermata / arresto;Conducente;F;Illeso;0;;Non accertato;Inesploso
3165243;6;06/02/2017 15:45;Strada Urbana;VIA DELLA MARRANELLA;all'intersezione con;VIA VISCONTE MAGGIOLO;VIA VISCONTE MAGGIOLO;;;Scontro frontale/laterale DX fra veicoli in marcia;Incrocio;Una carreggiata a senso unico di marcia;Bagnato (pioggia);Asfaltata;Verticale;Pioggia in atto;Normale;Buona;Ore Diurne;1;0;0;1;12.54232;41.88328;-1;2;Motociclo a solo;In marcia / fermata / arresto;Conducente;M;Rimandato;0;NON DECEDUTO;Non accertato;
3165255;3;04/02/2017 22:10;Strada Urbana;AUTOSTRADA PER L'AQUILA;da specificare;;;;A24 Ingresso Galleria Pittaluga dir.ne GRA;Veicolo in marcia contro ostacolo fisso;Pendenza;Due carreggiate;Asciutto;Asfaltata;Verticale ed orizzontale;Nuvoloso;Normale;Sufficiente;Sufficiente;1;0;0;0;12.49637;41.90278;-1;1;Autovettura privata;In marcia / fermata / arresto;Conducente;M;Rimandato;0;NON DECEDUTO;Non accertato;Inesploso
3165262;23;05/02/2017 20:15;Strada Urbana;VIA EGIDIO GARRA;in prossimità;;del civico n.;35;;Scontro frontale/laterale SX fra veicoli in marcia;Curva senza visuale libera;Una carreggiata a doppio senso;Bagnato (pioggia);Asfaltata;Verticale;Pioggia in atto;Scarso;Sufficiente;Sufficiente;1;0;0;2;12.37839;41.78941;-1;1;Autovettura privata;In marcia / fermata / arresto;Conducente;M;Illeso;0;;Non accertato;Inesploso
3165262;23;05/02/2017 20:15;Strada Urbana;VIA EGIDIO GARRA;in prossimità;;del civico n.;35;;Scontro frontale/laterale SX fra veicoli in marcia;Curva senza visuale libera;Una carreggiata a doppio senso;Bagnato (pioggia);Asfaltata;Verticale;Pioggia in atto;Scarso;Sufficiente;Sufficiente;1;0;0;2;12.37839;41.78941;-1;2;Autovettura privata;In marcia / fermata / arresto;Conducente;M;Rimandato;0;NON DECEDUTO;Non accertato;Inesploso
3165262;23;05/02/2017 20:15;Strada Urbana;VIA EGIDIO GARRA;in prossimità;;del civico n.;35;;Scontro frontale/laterale SX fra veicoli in marcia;Curva senza visuale libera;Una carreggiata a doppio senso;Bagnato (pioggia);Asfaltata;Verticale;Pioggia in atto;Scarso;Sufficiente;Sufficiente;1;0;0;2;12.37839;41.78941;-1;2;Autovettura privata;In marcia / fermata / arresto;Passeggero;M;Illeso;0;;Non accertato;Inesploso
3165263;12;06/02/2017 07:55;Strada Urbana;VIALE ROMOLO MURRI;da specificare;;;;100 mt prima v. del Turismo  direz. v. Tre fontane;Tamponamento;Curva a visuale libera;Una carreggiata a doppio senso;Bagnato (pioggia);Asfaltata;Verticale ed orizzontale;Pioggia in atto;Normale;Buona;Ore Diurne;0;0;0;3;12.46641;41.83902;-1;1;Autovettura privata;In marcia / fermata / arresto;Conducente;F;Illeso;0;;Utilizzato;Inesploso
3165263;12;06/02/2017 07:55;Strada Urbana;VIALE ROMOLO MURRI;da specificare;;;;100 mt prima v. del Turismo  direz. v. Tre fontane;Tamponamento;Curva a visuale libera;Una carreggiata a doppio senso;Bagnato (pioggia);Asfaltata;Verticale ed orizzontale;Pioggia in atto;Normale;Buona;Ore Diurne;0;0;0;3;12.46641;41.83902;-1;1;Autovettura privata;In marcia / fermata / arresto;Passeggero;M;Illeso;0;;Utilizzato;Inesploso
3165263;12;06/02/2017 07:55;Strada Urbana;VIALE ROMOLO MURRI;da specificare;;;;100 mt prima v. del Turismo  direz. v. Tre fontane;Tamponamento;Curva a visuale libera;Una carreggiata a doppio senso;Bagnato (pioggia);Asfaltata;Verticale ed orizzontale;Pioggia in atto;Normale;Buona;Ore Diurne;0;0;0;3;12.46641;41.83902;-1;2;Autovettura privata;In marcia / fermata / arresto;Conducente;F;Illeso;0;;Non accertato;Inesploso
3165273;15;06/02/2017 14:15;Comunale extraurbana;VIALE ALEXANDRE GUSTAVE EIFFEL;da specificare;;;;fronte civico 15;Scontro frontale/laterale SX fra veicoli in marcia;Rettilineo;Una carreggiata a doppio senso;Asciutto;Asfaltata;Verticale ed orizzontale;Nuvoloso;Scarso;Buona;Ore Diurne;0;0;0;4;12.33476;41.80822;-1;1;Autovettura privata;In marcia / fermata / arresto;Conducente;M;Illeso;0;;Utilizzato;
3165273;15;06/02/2017 14:15;Comunale extraurbana;VIALE ALEXANDRE GUSTAVE EIFFEL;da specificare;;;;fronte civico 15;Scontro frontale/laterale SX fra veicoli in marcia;Rettilineo;Una carreggiata a doppio senso;Asciutto;Asfaltata;Verticale ed orizzontale;Nuvoloso;Scarso;Buona;Ore Diurne;0;0;0;4;12.33476;41.80822;-1;1;Autovettura privata;In marcia / fermata / arresto;Passeggero;M;Illeso;0;;Utilizzato;
3165273;15;06/02/2017 14:15;Comunale extraurbana;VIALE ALEXANDRE GUSTAVE EIFFEL;da specificare;;;;fronte civico 15;Scontro frontale/laterale SX fra veicoli in marcia;Rettilineo;Una carreggiata a doppio senso;Asciutto;Asfaltata;Verticale ed orizzontale;Nuvoloso;Scarso;Buona;Ore Diurne;0;0;0;4;12.33476;41.80822;-1;2;Autovettura privata;In marcia / fermata / arresto;Conducente;F;Illeso;0;;Utilizzato;
3165273;15;06/02/2017 14:15;Comunale extraurbana;VIALE ALEXANDRE GUSTAVE EIFFEL;da specificare;;;;fronte civico 15;Scontro frontale/laterale SX fra veicoli in marcia;Rettilineo;Una carreggiata a doppio senso;Asciutto;Asfaltata;Verticale ed orizzontale;Nuvoloso;Scarso;Buona;Ore Diurne;0;0;0;4;12.33476;41.80822;-1;2;Autovettura privata;In marcia / fermata / arresto;Passeggero;M;Illeso;0;;Utilizzato;
3165281;12;06/02/2017 11:00;Strada Urbana;VIA CRISTOFORO COLOMBO;all'intersezione semaforizzata con;VIALE AMERICA;VIALE AMERICA;;;Veicolo in marcia contro ostacolo fisso;Incrocio;Due carreggiate;Bagnato (pioggia);Asfaltata;Verticale ed orizzontale;Pioggia in atto;Normale;Buona;Ore Diurne;0;0;0;1;12.46805;41.82952;-1;1;Autovettura privata;In marcia / fermata / arresto;Conducente;F;Illeso;0;;Utilizzato;Inesploso