Protocollo;Gruppo;DataOraIncidente;Localizzazione1;STRADA1;Localizzazione2;STRADA2;Strada02;Chilometrica;DaSpecificare;NaturaIncidente;particolaritastrade;TipoStrada;FondoStradale;Pavimentazione;Segnaletica;CondizioneAtmosferica;Traffico;Visibilita;Illuminazione;NUM_FERITI;NUM_RISERVATA;NUM_MORTI;NUM_ILLESI;Longitudine;Latitudine;Confermato;Progressivo;TipoVeicolo;StatoVeicolo;TipoPersona;Sesso;Tipolesione;Deceduto;DecedutoDopo;CinturaCascoUtilizzato;Airbag
3169407;13;08/02/2017 18:00;Strada Urbana;VIA DEL FOSSO DI DRAGONCELLO;da specificare;;;;altezza Via di Saponara;Veicolo in marcia contro ostacolo fisso;Rettilineo;Una carreggiata a doppio senso;Asciutto;Asfaltata;Assente;Sereno;Intenso;Sufficiente;Sufficiente;0;0;0;1;12.32989;41.75768;-1;1;Autovettura privata;In marcia / fermata / arresto;Conducente;M;Illeso;0;;Non accertato;Inesploso
3169458;1;08/02/2017 16:05;Strada Urbana;LUNGOTEVERE RAFFAELLO SANZIO;in prossimità;;del civico n.;13;;Scontro laterale fra veicoli in marcia;Rettilineo;Una carreggiata a senso unico di marcia;Bagnato (umidità in atto);Asfaltata;Verticale ed orizzontale;Nuvoloso;Normale;Buona;Ore Diurne;0;0;0;2;12.4732;41.89047;-1;1;Autovettura privata;In marcia / fermata / arresto;Conducente;F;Illeso;0;;;
3169458;1;08/02/2017 16:05;Strada Urbana;LUNGOTEVERE RAFFAELLO SANZIO;in prossimità;;del civico n.;13;;Scontro laterale fra veicoli in marcia;Rettilineo;Una carreggiata a senso unico di marcia;Bagnato (umidità in atto);Asfaltata;Verticale ed orizzontale;Nuvoloso;Normale;Buona;Ore Diurne;0;0;0;2;12.4732;41.89047;-1;2;Autovettura privata;In marcia / fermata / arresto;Conducente;M;Illeso;0;;;
3169498;4;08/02/2017 07:50;Statale entro l'abitato;VIA SALARIA;da specificare;;;;FRONTE CIVICO 825;Scontro laterale fra veicoli in marcia;Rettilineo;Due carreggiate;Asciutto;Asfaltata;Verticale ed orizzontale;Nuvoloso;Intenso;Buona;Ore Diurne;0;0;0;2;12.50624;41.9627;-1;1;Motociclo con passeggero;In marcia / fermata / arresto;Conducente;M;Illeso;0;;Non accertato;
3169498;4;08/02/2017 07:50;Statale entro l'abitato;VIA SALARIA;da specificare;;;;FRONTE CIVICO 825;Scontro laterale fra veicoli in marcia;Rettilineo;Due carreggiate;Asciutto;Asfaltata;Verticale ed orizzontale;Nuvoloso;Intenso;Buona;Ore Diurne;0;0;0;2;12.50624;41.9627;-1;2;Autovettura privata;Allontanatosi;Conducente;F;Illeso;0;;Non accertato;Inesploso
3169507;2;08/02/2017 20:00;Strada Urbana;VIALE PARIOLI;all'intersezione semaforizzata con;VIA GUALTIERO CASTELLINI;VIA GUALTIERO CASTELLINI;;;Ribaltamento senza urto contro ostacolo fisso;Intersezione semaforizzata;Una carreggiata a doppio senso;Bagnato (umidità in atto);Asfaltata;Verticale ed orizzontale;Nuvoloso;Normale;Sufficiente;Sufficiente;1;0;0;1;12.48921;41.92537;-1;1;Motociclo a solo;In marcia / fermata / arresto;Conducente;M;Rimandato;0;NON DECEDUTO;Non accertato;
3169507;2;08/02/2017 20:00;Strada Urbana;VIALE PARIOLI;all'intersezione semaforizzata con;VIA GUALTIERO CASTELLINI;VIA GUALTIERO CASTELLINI;;;Ribaltamento senza urto contro ostacolo fisso;Intersezione semaforizzata;Una carreggiata a doppio senso;Bagnato (umidità in atto);Asfaltata;Verticale ed orizzontale;Nuvoloso;Normale;Sufficiente;Sufficiente;1;0;0;1;12.48921;41.92537;-1;2;Autovettura privata;In marcia / fermata / arresto;Conducente;M;Illeso;0;;Non accertato;Inesploso
3169519;2;08/02/2017 18:50;Strada Urbana;VIALE REGINA MARGHERITA;in prossimità;;del civico n.;81;;Veicolo in marcia contro ostacolo accidentale;Rettilineo;Due carreggiate;Asciutto;Asfaltata;Verticale ed orizzontale;Nuvoloso;Normale;Sufficiente;Sufficiente;0;0;0;1;12.50084;41.91771;-1;1;Autovettura privata;In marcia / fermata / arresto;Conducente;M;Illeso;0;;;
3169522;2;08/02/2017 15:10;Strada Urbana;LUNGOTEVERE ARNALDO DA BRESCIA;da specificare;;;;altezza VIA DEGLI SCIALOJA lato Scalo de Pinedo;Tamponamento Multiplo;Rettilineo;Una carreggiata a senso unico di marcia;Asciutto;Asfaltata;Verticale ed orizzontale;Nuvoloso;Normale;Buona;Ore Diurne;0;0;0;4;12.47209;41.91319;-1;1;Autovettura privata;In marcia / fermata / arresto;Conducente;M;Illeso;0;;Non accertato;Inesploso
3169522;2;08/02/2017 15:10;Strada Urbana;LUNGOTEVERE ARNALDO DA BRESCIA;da specificare;;;;altezza VIA DEGLI SCIALOJA lato Scalo de Pinedo;Tamponamento Multiplo;Rettilineo;Una carreggiata a senso unico di marcia;Asciutto;Asfaltata;Verticale ed orizzontale;Nuvoloso;Normale;Buona;Ore Diurne;0;0;0;4;12.47209;41.91319;-1;2;Autovettura privata;In marcia / fermata / arresto;Conducente;F;Illeso;0;;Non accertato;Inesploso
3169522;2;08/02/2017 15:10;Strada Urbana;LUNGOTEVERE ARNALDO DA BRESCIA;da specificare;;;;altezza VIA DEGLI SCIALOJA lato Scalo de Pinedo;Tamponamento Multiplo;Rettilineo;Una carreggiata a senso unico di marcia;Asciutto;Asfaltata;Verticale ed orizzontale;Nuvoloso;Normale;Buona;Ore Diurne;0;0;0;4;12.47209;41.91319;-1;3;Autovettura privata;In marcia / fermata / arresto;Conducente;M;Illeso;0;;Non accertato;Inesploso
3169522;2;08/02/2017 15:10;Strada Urbana;LUNGOTEVERE ARNALDO DA BRESCIA;da specificare;;;;altezza VIA DEGLI SCIALOJA lato Scalo de Pinedo;Tamponamento Multiplo;Rettilineo;Una carreggiata a senso unico di marcia;Asciutto;Asfaltata;Verticale ed orizzontale;Nuvoloso;Normale;Buona;Ore Diurne;0;0;0;4;12.47209;41.91319;-1;3;Autovettura privata;In marcia / fermata / arresto;Passeggero;F;Illeso;0;;Non accertato;Inesploso
3169527;2;08/02/2017 14:15;Strada Urbana;LUNGOTEVERE FLAMINIO;in prossimità;;del civico n.;34;;Tamponamento Multiplo;Rettilineo;Una carreggiata a doppio senso;Bagnato (umidità in atto);Asfaltata;Verticale ed orizzontale;Nuvoloso;Intenso;Buona;Ore Diurne;1;0;0;2;12.47014;41.92223;-1;1;Autovettura privata;In marcia / fermata / arresto;Conducente;M;Illeso;0;;Non accertato;Inesploso
3169527;2;08/02/2017 14:15;Strada Urbana;LUNGOTEVERE FLAMINIO;in prossimità;;del civico n.;34;;Tamponamento Multiplo;Rettilineo;Una carreggiata a doppio senso;Bagnato (umidità in atto);Asfaltata;Verticale ed orizzontale;Nuvoloso;Intenso;Buona;Ore Diurne;1;0;0;2;12.47014;41.92223;-1;2;Autovettura privata;In marcia / fermata / arresto;Conducente;M;Rifiuta cure immediate;0;NON DECEDUTO;Non accertato;Inesploso
3169527;2;08/02/2017 14:15;Strada Urbana;LUNGOTEVERE FLAMINIO;in prossimità;;del civico n.;34;;Tamponamento Multiplo;Rettilineo;Una carreggiata a doppio senso;Bagnato (umidità in atto);Asfaltata;Verticale ed orizzontale;Nuvoloso;Intenso;Buona;Ore Diurne;1;0;0;2;12.47014;41.92223;-1;3;Autovettura privata;In marcia / fermata / arresto;Conducente;M;Illeso;0;;Non accertato;Inesploso
3169534;1;08/02/2017 19:00;Strada Urbana;LARGO AMERIGO PETRUCCI;da specificare;;;;RAMPA DI SINISTRA;Tamponamento;Curva a visuale libera;Una carreggiata a senso unico di marcia;Asciutto;Asfaltata;Verticale ed orizzontale;Nuvoloso;Normale;Sufficiente;Ore Diurne;0;0;0;2;12.48085;41.8883;-1;1;Autovettura privata;In marcia / fermata / arresto;Conducente;F;Illeso;0;;;
3169534;1;08/02/2017 19:00;Strada Urbana;LARGO AMERIGO PETRUCCI;da specificare;;;;RAMPA DI SINISTRA;Tamponamento;Curva a visuale libera;Una carreggiata a senso unico di marcia;Asciutto;Asfaltata;Verticale ed orizzontale;Nuvoloso;Normale;Sufficiente;Ore Diurne;0;0;0;2;12.48085;41.8883;-1;2;Autovettura privata;In marcia / fermata / arresto;Conducente;F;Illeso;0;;;
3169549;23;08/02/2017 14:15;Strada Urbana;VIALE GUGLIELMO MASSAIA;in corrispondenza;;del civico n.;35;;Investimento di pedone;Rettilineo;Una carreggiata a doppio senso;Asciutto;Asfaltata;Verticale ed orizzontale;Sereno;Scarso;Buona;Ore Diurne;1;0;0;1;12.49311;41.86261;-1;;;;Pedone;M;Rifiuta cure immediate;0;NON DECEDUTO;;
3169549;23;08/02/2017 14:15;Strada Urbana;VIALE GUGLIELMO MASSAIA;in corrispondenza;;del civico n.;35;;Investimento di pedone;Rettilineo;Una carreggiata a doppio senso;Asciutto;Asfaltata;Verticale ed orizzontale;Sereno;Scarso;Buona;Ore Diurne;1;0;0;1;12.49311;41.86261;-1;1;Autovettura privata;In marcia / fermata / arresto;Conducente;M;Illeso;0;;Non accertato;Inesploso
3169559;23;08/02/2017 18:25;Strada Urbana;VIA DI ACILIA;all'intersezione con;VIA POSIDIPPO;VIA POSIDIPPO;;;Scontro laterale fra veicoli in marcia;Intersezione stradale segnalata;Una carreggiata a doppio senso;Asciutto;Asfaltata;Verticale ed orizzontale;Sereno;Normale;Buona;Sufficiente;0;0;0;5;12.37442;41.7699;-1;1;Autovettura privata;In marcia / fermata / arresto;Conducente;M;Illeso;0;;Non accertato;Inesploso
3169559;23;08/02/2017 18:25;Strada Urbana;VIA DI ACILIA;all'intersezione con;VIA POSIDIPPO;VIA POSIDIPPO;;;Scontro laterale fra veicoli in marcia;Intersezione stradale segnalata;Una carreggiata a doppio senso;Asciutto;Asfaltata;Verticale ed orizzontale;Sereno;Normale;Buona;Sufficiente;0;0;0;5;12.37442;41.7699;-1;1;Autovettura privata;In marcia / fermata / arresto;Passeggero;F;Illeso;0;;Non accertato;Inesploso
3169559;23;08/02/2017 18:25;Strada Urbana;VIA DI ACILIA;all'intersezione con;VIA POSIDIPPO;VIA POSIDIPPO;;;Scontro laterale fra veicoli in marcia;Intersezione stradale segnalata;Una carreggiata a doppio senso;Asciutto;Asfaltata;Verticale ed orizzontale;Sereno;Normale;Buona;Sufficiente;0;0;0;5;12.37442;41.7699;-1;2;Autovettura privata;In marcia / fermata / arresto;Conducente;M;Illeso;0;;Non accertato;Inesploso
3169559;23;08/02/2017 18:25;Strada Urbana;VIA DI ACILIA;all'intersezione con;VIA POSIDIPPO;VIA POSIDIPPO;;;Scontro laterale fra veicoli in marcia;Intersezione stradale segnalata;Una carreggiata a doppio senso;Asciutto;Asfaltata;Verticale ed orizzontale;Sereno;Normale;Buona;Sufficiente;0;0;0;5;12.37442;41.7699;-1;2;Autovettura privata;In marcia / fermata / arresto;Passeggero;F;Illeso;0;;Non accertato;Inesploso
3169559;23;08/02/2017 18:25;Strada Urbana;VIA DI ACILIA;all'intersezione con;VIA POSIDIPPO;VIA POSIDIPPO;;;Scontro laterale fra veicoli in marcia;Intersezione stradale segnalata;Una carreggiata a doppio senso;Asciutto;Asfaltata;Verticale ed orizzontale;Sereno;Normale;Buona;Sufficiente;0;0;0;5;12.37442;41.7699;-1;2;Autovettura privata;In marcia / fermata / arresto;Passeggero;M;Illeso;0;;Non accertato;Inesploso
3169583;1;09/02/2017 08:20;Strada Urbana;VIA DELLA MERCEDE;in prossimità;;del civico n.;5;;Veicolo in marcia contro veicolo fermo;Rettilineo;Una carreggiata a senso unico di marcia;Asciutto;Asfaltata;Verticale ed orizzontale;Sereno;Scarso;Buona;Ore Diurne;0;0;0;2;12.48337;41.90369;-1;1;Autovettura privata;In marcia / fermata / arresto;Conducente;M;Illeso;0;;;
3169583;1;09/02/2017 08:20;Strada Urbana;VIA DELLA MERCEDE;in prossimità;;del civico n.;5;;Veicolo in marcia contro veicolo fermo;Rettilineo;Una carreggiata a senso unico di marcia;Asciutto;Asfaltata;Verticale ed orizzontale;Sereno;Scarso;Buona;Ore Diurne;0;0;0;2;12.48337;41.90369;-1;2;Autovettura privata;In marcia / fermata / arresto;Conducente;M;Illeso;0;;;
3169585;4;08/02/2017 16:45;Provinciale;VIA NOMENTANA;in prossimità;;del civico n.;1282;;Scontro frontale/laterale SX fra veicoli in marcia;Rettilineo;Una carreggiata a doppio senso;Bagnato (pioggia);Asfaltata;Orizzontale;Pioggia in atto;Intenso;Buona;Ore Diurne;1;0;0;2;12.59312;41.96185;-1;1;Autovettura privata;In marcia / fermata / arresto;Conducente;M;Illeso;0;;;Esploso
3169585;4;08/02/2017 16:45;Provinciale;VIA NOMENTANA;in prossimità;;del civico n.;1282;;Scontro frontale/laterale SX fra veicoli in marcia;Rettilineo;Una carreggiata a doppio senso;Bagnato (pioggia);Asfaltata;Orizzontale;Pioggia in atto;Intenso;Buona;Ore Diurne;1;0;0;2;12.59312;41.96185;-1;1;Autovettura privata;In marcia / fermata / arresto;Passeggero;F;Illeso;0;;;Esploso
3169585;4;08/02/2017 16:45;Provinciale;VIA NOMENTANA;in prossimità;;del civico n.;1282;;Scontro frontale/laterale SX fra veicoli in marcia;Rettilineo;Una carreggiata a doppio senso;Bagnato (pioggia);Asfaltata;Orizzontale;Pioggia in atto;Intenso;Buona;Ore Diurne;1;0;0;2;12.59312;41.96185;-1;2;Autovettura privata;In marcia / fermata / arresto;Conducente;F;Rimandato;0;NON DECEDUTO;Non accertato;Inesistente
3169595;10;09/02/2017 08:10;Strada Urbana;VIA APPIA PIGNATELLI;in corrispondenza;;del civico n.;285;;Scontro frontale/laterale DX fra veicoli in marcia;Rettilineo;Una carreggiata a doppio senso;Bagnato (pioggia);Asfaltata;Orizzontale;Pioggia in atto;Intenso;Buona;Ore Diurne;0;0;0;2;12.54613;41.83928;-1;1;Autovettura privata;In marcia / fermata / arresto;Conducente;M;Illeso;0;;Non accertato;Inesploso
3169595;10;09/02/2017 08:10;Strada Urbana;VIA APPIA PIGNATELLI;in corrispondenza;;del civico n.;285;;Scontro frontale/laterale DX fra veicoli in marcia;Rettilineo;Una carreggiata a doppio senso;Bagnato (pioggia);Asfaltata;Orizzontale;Pioggia in atto;Intenso;Buona;Ore Diurne;0;0;0;2;12.54613;41.83928;-1;2;Motociclo a solo;In marcia / fermata / arresto;Conducente;M;Illeso;0;;Non accertato;
3169681;20;09/02/2017 10:20;Strada Urbana;VIA DI BACCANELLO;in corrispondenza;;del civico n.;115;;Investimento di pedone;Rettilineo;Una carreggiata a doppio senso;Asciutto;Asfaltata;Verticale ed orizzontale;Nuvoloso;Normale;Buona;Ore Diurne;1;0;0;1;12.35933;42.06266;-1;;;;Pedone;F;Rimandato;0;NON DECEDUTO;;
3169681;20;09/02/2017 10:20;Strada Urbana;VIA DI BACCANELLO;in corrispondenza;;del civico n.;115;;Investimento di pedone;Rettilineo;Una carreggiata a doppio senso;Asciutto;Asfaltata;Verticale ed orizzontale;Nuvoloso;Normale;Buona;Ore Diurne;1;0;0;1;12.35933;42.06266;-1;1;Motociclo a solo;In marcia / fermata / arresto;Conducente;M;Illeso;0;;Non accertato;
3169693;4;03/02/2017 17:55;Strada Urbana;VIA SALARIA;in corrispondenza;;del civico n.;1468;;Investimento di pedone;Rettilineo;Una carreggiata a doppio senso;Asciutto;Asfaltata;Assente;Sereno;Scarso;Sufficiente;Sufficiente;0;0;0;2;12.51922;42.00842;-1;;;;Pedone;M;Illeso;0;;;
3169693;4;03/02/2017 17:55;Strada Urbana;VIA SALARIA;in corrispondenza;;del civico n.;1468;;Investimento di pedone;Rettilineo;Una carreggiata a doppio senso;Asciutto;Asfaltata;Assente;Sereno;Scarso;Sufficiente;Sufficiente;0;0;0;2;12.51922;42.00842;-1;1;Autovettura privata;In marcia / fermata / arresto;Conducente;M;Illeso;0;;;
3169696;12;07/02/2017 08:15;Strada Urbana;VIA DEL PIANETA TERRA;in corrispondenza;;del civico n.;81;;Veicolo in marcia contro veicoli in sosta;Rettilineo;Una carreggiata a doppio senso;Asciutto;Asfaltata;Verticale ed orizzontale;Sereno;Normale;Buona;Ore Diurne;0;0;0;1;12.44553;41.81752;-1;3;Ciclomotore;In marcia / fermata / arresto;Conducente;F;Illeso;0;;Utilizzato;
3169728;10;09/02/2017 10:15;Strada Urbana;VIA SALVATORE BARZILAI;all'intersezione con;VIA DEL PONTE DELLE SETTE MIGLIA;VIA DEL PONTE DELLE SETTE MIGLIA;;;Scontro frontale/laterale SX fra veicoli in marcia;Incrocio;Una carreggiata a doppio senso;Asciutto;Asfaltata;Verticale ed orizzontale;Nuvoloso;Scarso;Buona;Ore Diurne;0;0;0;3;12.60197;41.83989;-1;1;Autovettura privata;In marcia / fermata / arresto;Conducente;M;Illeso;0;;Non accertato;Inesploso
3169728;10;09/02/2017 10:15;Strada Urbana;VIA SALVATORE BARZILAI;all'intersezione con;VIA DEL PONTE DELLE SETTE MIGLIA;VIA DEL PONTE DELLE SETTE MIGLIA;;;Scontro frontale/laterale SX fra veicoli in marcia;Incrocio;Una carreggiata a doppio senso;Asciutto;Asfaltata;Verticale ed orizzontale;Nuvoloso;Scarso;Buona;Ore Diurne;0;0;0;3;12.60197;41.83989;-1;1;Autovettura privata;In marcia / fermata / arresto;Passeggero;F;Illeso;0;;Non accertato;Inesploso
3169728;10;09/02/2017 10:15;Strada Urbana;VIA SALVATORE BARZILAI;all'intersezione con;VIA DEL PONTE DELLE SETTE MIGLIA;VIA DEL PONTE DELLE SETTE MIGLIA;;;Scontro frontale/laterale SX fra veicoli in marcia;Incrocio;Una carreggiata a doppio senso;Asciutto;Asfaltata;Verticale ed orizzontale;Nuvoloso;Scarso;Buona;Ore Diurne;0;0;0;3;12.60197;41.83989;-1;2;Autovettura privata;In marcia / fermata / arresto;Conducente;F;Illeso;0;;Non accertato;Inesploso
3169750;4;08/02/2017 22:00;Strada Urbana;VIALE TIRRENO;in corrispondenza;;del civico n.;176;;Investimento di pedone;Rettilineo;Due carreggiate;Bagnato (umidità in atto);Asfaltata;Verticale ed orizzontale;Nuvoloso;Normale;Buona;Sufficiente;1;0;0;1;12.52963;41.94134;-1;;;;Pedone;M;Rimandato;0;NON DECEDUTO;;
3169750;4;08/02/2017 22:00;Strada Urbana;VIALE TIRRENO;in corrispondenza;;del civico n.;176;;Investimento di pedone;Rettilineo;Due carreggiate;Bagnato (umidità in atto);Asfaltata;Verticale ed orizzontale;Nuvoloso;Normale;Buona;Sufficiente;1;0;0;1;12.52963;41.94134;-1;1;Autovettura privata;In marcia / fermata / arresto;Conducente;M;Illeso;0;;Non accertato;
3169755;2;09/02/2017 02:00;Strada Urbana;VIALE DELLA MOSCHEA;da specificare;;;;dir. Parioli alt. fronte civico 24;Veicolo in marcia contro ostacolo accidentale;Rettilineo;Due carreggiate;Asciutto;Strada pavimentata dissestata;Verticale ed orizzontale;Sereno;Normale;Sufficiente;Sufficiente;0;0;0;1;12.48591;41.93083;-1;1;Autovettura privata;In marcia / fermata / arresto;Conducente;M;Illeso;0;;Non accertato;Inesploso
3169764;7;08/02/2017 12:30;Strada Urbana;VIA DELLE ALBIZZIE;in corrispondenza;;del civico n.;34;;Veicolo in marcia contro veicolo fermo;Rettilineo;Una carreggiata a doppio senso;Asciutto;Asfaltata;Verticale ed orizzontale;Sereno;Normale;Buona;Ore Diurne;0;0;0;2;12.56177;41.88439;-1;1;Autovettura privata;In marcia / fermata / arresto;Conducente;M;Illeso;0;;;
3169764;7;08/02/2017 12:30;Strada Urbana;VIA DELLE ALBIZZIE;in corrispondenza;;del civico n.;34;;Veicolo in marcia contro veicolo fermo;Rettilineo;Una carreggiata a doppio senso;Asciutto;Asfaltata;Verticale ed orizzontale;Sereno;Normale;Buona;Ore Diurne;0;0;0;2;12.56177;41.88439;-1;2;Autovettura privata;In marcia / fermata / arresto;Conducente;F;Illeso;0;;;
3169818;12;09/02/2017 10:45;Strada Urbana;VIA ETTORE JANNI;all'intersezione con;VIA GIOVANNI ZIBORDI;VIA GIOVANNI ZIBORDI;;;Scontro laterale fra veicoli in marcia;Incrocio;Una carreggiata a doppio senso;Asciutto;Asfaltata;Verticale ed orizzontale;Nuvoloso;Scarso;Buona;Ore Diurne;0;0;0;4;12.48178;41.7658;-1;1;Autocarro inferiore 35 q.;In marcia / fermata / arresto;Conducente;M;Illeso;0;;Utilizzato;Inesploso
3169818;12;09/02/2017 10:45;Strada Urbana;VIA ETTORE JANNI;all'intersezione con;VIA GIOVANNI ZIBORDI;VIA GIOVANNI ZIBORDI;;;Scontro laterale fra veicoli in marcia;Incrocio;Una carreggiata a doppio senso;Asciutto;Asfaltata;Verticale ed orizzontale;Nuvoloso;Scarso;Buona;Ore Diurne;0;0;0;4;12.48178;41.7658;-1;2;Autovettura privata;In marcia / fermata / arresto;Conducente;M;Illeso;0;;Utilizzato;Inesploso
3169818;12;09/02/2017 10:45;Strada Urbana;VIA ETTORE JANNI;all'intersezione con;VIA GIOVANNI ZIBORDI;VIA GIOVANNI ZIBORDI;;;Scontro laterale fra veicoli in marcia;Incrocio;Una carreggiata a doppio senso;Asciutto;Asfaltata;Verticale ed orizzontale;Nuvoloso;Scarso;Buona;Ore Diurne;0;0;0;4;12.48178;41.7658;-1;2;Autovettura privata;In marcia / fermata / arresto;Passeggero;M;Illeso;0;;Utilizzato;Inesploso
3169821;1;09/02/2017 08:40;Strada Urbana;VIALE DELLE TERME DI CARACALLA;da specificare;;;;in prossimità albero n.313;Infortunio per caduta del veicolo;Rettilineo;Più di due carreggiate;Bagnato (pioggia);Asfaltata;Assente;Pioggia in atto;Normale;Buona;Ore Diurne;1;0;0;0;12.4952;41.8785;-1;1;Motociclo a solo;In marcia / fermata / arresto;Conducente;M;Rimandato;0;NON DECEDUTO;;
3169877;1;09/02/2017 08:50;Strada Urbana;VIA LUIGI PETROSELLI;all'intersezione semaforizzata con;VICO JUGARIO;VICO JUGARIO;;;Tamponamento;Intersezione semaforizzata;Una carreggiata a doppio senso;Bagnato (pioggia);In cubetti di porfido;Verticale ed orizzontale;Nuvoloso;Normale;Buona;Ore Diurne;0;0;0;3;12.4809;41.8902;-1;1;Quadriciclo leggero;In marcia / fermata / arresto;Conducente;M;Illeso;0;;Non utilizzato;
3169877;1;09/02/2017 08:50;Strada Urbana;VIA LUIGI PETROSELLI;all'intersezione semaforizzata con;VICO JUGARIO;VICO JUGARIO;;;Tamponamento;Intersezione semaforizzata;Una carreggiata a doppio senso;Bagnato (pioggia);In cubetti di porfido;Verticale ed orizzontale;Nuvoloso;Normale;Buona;Ore Diurne;0;0;0;3;12.4809;41.8902;-1;1;Quadriciclo leggero;In marcia / fermata / arresto;Passeggero;M;Illeso;0;;Non utilizzato;
3169877;1;09/02/2017 08:50;Strada Urbana;VIA LUIGI PETROSELLI;all'intersezione semaforizzata con;VICO JUGARIO;VICO JUGARIO;;;Tamponamento;Intersezione semaforizzata;Una carreggiata a doppio senso;Bagnato (pioggia);In cubetti di porfido;Verticale ed orizzontale;Nuvoloso;Normale;Buona;Ore Diurne;0;0;0;3;12.4809;41.8902;-1;2;Autovettura pubblica;In marcia / fermata / arresto;Conducente;M;Illeso;0;;;
3169885;12;08/02/2017 19:30;Strada Urbana;VIALE DELL'OCEANO ATLANTICO;da specificare;;;;altezza RHODESIA;Veicolo in marcia contro veicoli in sosta;Rettilineo;Due carreggiate;Asciutto;Asfaltata;Verticale ed orizzontale;Sereno;Scarso;Buona;Sufficiente;0;0;0;2;12.4714;41.8201;-1;1;Autovettura privata;In marcia / fermata / arresto;Conducente;M;Illeso;0;;Utilizzato;Inesploso
3169885;12;08/02/2017 19:30;Strada Urbana;VIALE DELL'OCEANO ATLANTICO;da specificare;;;;altezza RHODESIA;Veicolo in marcia contro veicoli in sosta;Rettilineo;Due carreggiate;Asciutto;Asfaltata;Verticale ed orizzontale;Sereno;Scarso;Buona;Sufficiente;0;0;0;2;12.4714;41.8201;-1;2;Autovettura privata;In marcia / fermata / arresto;Conducente;F;Illeso;0;;Utilizzato;Inesploso
3169894;12;07/02/2017 09:50;Provinciale;VIA LAURENTINA;in corrispondenza;;della chilometrica;1800;;Tamponamento Multiplo;Pendenza;Una carreggiata a doppio senso;Asciutto;Asfaltata;Temporanea di cantiere;Sereno;Normale;Buona;Ore Diurne;1;0;0;2;12.50882;41.72747;-1;1;Autovettura privata;In marcia / fermata / arresto;Conducente;F;Rimandato;0;NON DECEDUTO;;
3169894;12;07/02/2017 09:50;Provinciale;VIA LAURENTINA;in corrispondenza;;della chilometrica;1800;;Tamponamento Multiplo;Pendenza;Una carreggiata a doppio senso;Asciutto;Asfaltata;Temporanea di cantiere;Sereno;Normale;Buona;Ore Diurne;1;0;0;2;12.50882;41.72747;-1;2;Autocarro superiore 35 q.;In marcia / fermata / arresto;Conducente;M;Illeso;0;;;
3169894;12;07/02/2017 09:50;Provinciale;VIA LAURENTINA;in corrispondenza;;della chilometrica;1800;;Tamponamento Multiplo;Pendenza;Una carreggiata a doppio senso;Asciutto;Asfaltata;Temporanea di cantiere;Sereno;Normale;Buona;Ore Diurne;1;0;0;2;12.50882;41.72747;-1;3;Autocarro inferiore 35 q.;In marcia / fermata / arresto;Conducente;M;Illeso;0;;Non accertato;Inesploso
3169938;12;08/02/2017 12:00;Strada Urbana;PIAZZALE CINA;da specificare;;;;area di parcheggio lato vica canton;Scontro frontale/laterale SX fra veicoli in marcia;Rettilineo;Una carreggiata a senso unico di marcia;Asciutto;Asfaltata;Verticale ed orizzontale;Sereno;Scarso;Buona;Ore Diurne;3;0;0;0;12.43234;41.80739;-1;1;Autovettura privata;In marcia / fermata / arresto;Conducente;M;Rimandato;0;NON DECEDUTO;Non accertato;Inesploso
3169938;12;08/02/2017 12:00;Strada Urbana;PIAZZALE CINA;da specificare;;;;area di parcheggio lato vica canton;Scontro frontale/laterale SX fra veicoli in marcia;Rettilineo;Una carreggiata a senso unico di marcia;Asciutto;Asfaltata;Verticale ed orizzontale;Sereno;Scarso;Buona;Ore Diurne;3;0;0;0;12.43234;41.80739;-1;1;Autovettura privata;In marcia / fermata / arresto;Passeggero;F;Rimandato;0;NON DECEDUTO;Non accertato;Inesploso
3169938;12;08/02/2017 12:00;Strada Urbana;PIAZZALE CINA;da specificare;;;;area di parcheggio lato vica canton;Scontro frontale/laterale SX fra veicoli in marcia;Rettilineo;Una carreggiata a senso unico di marcia;Asciutto;Asfaltata;Verticale ed orizzontale;Sereno;Scarso;Buona;Ore Diurne;3;0;0;0;12.43234;41.80739;-1;2;Autovettura privata;In marcia / fermata / arresto;Conducente;F;Rimandato;0;NON DECEDUTO;;
3169959;3;08/02/2017 08:15;Strada Urbana;VIALE DELL'UNIVERSITA';all'intersezione semaforizzata con;VIALE REGINA ELENA;VIALE REGINA ELENA;;;Scontro frontale/laterale DX fra veicoli in marcia;Intersezione semaforizzata;Una carreggiata a doppio senso;Asciutto;Asfaltata;Verticale ed orizzontale;Sereno;Normale;Buona;Ore Diurne;1;0;0;1;12.51183;41.90434;-1;1;Motociclo a solo;In marcia / fermata / arresto;Conducente;M;Ricoverato;0;NON DECEDUTO;Non accertato;
3169959;3;08/02/2017 08:15;Strada Urbana;VIALE DELL'UNIVERSITA';all'intersezione semaforizzata con;VIALE REGINA ELENA;VIALE REGINA ELENA;;;Scontro frontale/laterale DX fra veicoli in marcia;Intersezione semaforizzata;Una carreggiata a doppio senso;Asciutto;Asfaltata;Verticale ed orizzontale;Sereno;Normale;Buona;Ore Diurne;1;0;0;1;12.51183;41.90434;-1;2;Autovettura privata;In marcia / fermata / arresto;Conducente;M;Illeso;0;;Non accertato;Inesploso