Protocollo;Gruppo;DataOraIncidente;Localizzazione1;STRADA1;Localizzazione2;STRADA2;Strada02;Chilometrica;DaSpecificare;NaturaIncidente;particolaritastrade;TipoStrada;FondoStradale;Pavimentazione;Segnaletica;CondizioneAtmosferica;Traffico;Visibilita;Illuminazione;NUM_FERITI;NUM_RISERVATA;NUM_MORTI;NUM_ILLESI;Longitudine;Latitudine;Confermato;Progressivo;TipoVeicolo;StatoVeicolo;TipoPersona;Sesso;Tipolesione;Deceduto;DecedutoDopo;CinturaCascoUtilizzato;Airbag
3169985;3;08/02/2017 17:00;Strada Urbana;CIRCONVALLAZIONE TIBURTINA;da specificare;;;;DIREZIONE S. GIOVANNI PROSSIMITA' CONFLUENZA NUOVA;Tamponamento;Rettilineo;Una carreggiata a senso unico di marcia;Bagnato (umidità in atto);Asfaltata;Orizzontale;Nuvoloso;Intenso;Buona;Ore Diurne;0;0;0;2;12.52773;41.89919;-1;1;Autovettura privata;In marcia / fermata / arresto;Conducente;F;Illeso;0;;Non accertato;Inesploso
3169985;3;08/02/2017 17:00;Strada Urbana;CIRCONVALLAZIONE TIBURTINA;da specificare;;;;DIREZIONE S. GIOVANNI PROSSIMITA' CONFLUENZA NUOVA;Tamponamento;Rettilineo;Una carreggiata a senso unico di marcia;Bagnato (umidità in atto);Asfaltata;Orizzontale;Nuvoloso;Intenso;Buona;Ore Diurne;0;0;0;2;12.52773;41.89919;-1;2;Autovettura privata;In marcia / fermata / arresto;Conducente;F;Illeso;0;;Non accertato;Inesploso
3170011;18;09/02/2017 08:35;Strada Urbana;VIA CLAVESANA;all'intersezione con;VIA FOSSANO;VIA FOSSANO;;;Scontro frontale/laterale SX fra veicoli in marcia;Incrocio;Due carreggiate;Asciutto;Asfaltata;Assente;Nuvoloso;Scarso;Buona;Ore Diurne;0;0;0;2;12.36754;41.91658;-1;1;Autovettura privata;In marcia / fermata / arresto;Conducente;M;Illeso;0;;Non accertato;Inesploso
3170011;18;09/02/2017 08:35;Strada Urbana;VIA CLAVESANA;all'intersezione con;VIA FOSSANO;VIA FOSSANO;;;Scontro frontale/laterale SX fra veicoli in marcia;Incrocio;Due carreggiate;Asciutto;Asfaltata;Assente;Nuvoloso;Scarso;Buona;Ore Diurne;0;0;0;2;12.36754;41.91658;-1;2;Autovettura privata;In marcia / fermata / arresto;Conducente;F;Illeso;0;;Non accertato;Inesploso
3170015;18;08/02/2017 09:25;Statale;VIA AURELIA;da specificare;;;;RAMPA F.C. 1051 DIR. ROMA;Tamponamento;Curva a visuale libera;Una carreggiata a senso unico di marcia;Asciutto;Asfaltata;Verticale ed orizzontale;Sereno;Normale;Buona;Ore Diurne;0;0;0;2;12.41307;41.89089;-1;1;Autovettura privata;In marcia / fermata / arresto;Conducente;F;Illeso;0;;Non accertato;Esploso
3170015;18;08/02/2017 09:25;Statale;VIA AURELIA;da specificare;;;;RAMPA F.C. 1051 DIR. ROMA;Tamponamento;Curva a visuale libera;Una carreggiata a senso unico di marcia;Asciutto;Asfaltata;Verticale ed orizzontale;Sereno;Normale;Buona;Ore Diurne;0;0;0;2;12.41307;41.89089;-1;2;Autovettura privata;In marcia / fermata / arresto;Conducente;F;Illeso;0;;Non accertato;Inesploso
3170068;18;09/02/2017 03:30;Statale;VIA AURELIA;da specificare;;;;KM 10,00 DIR. CIVITAVECCHIA;Veicolo in marcia contro ostacolo fisso;Rettilineo;Due carreggiate;Bagnato (pioggia);Asfaltata;Verticale ed orizzontale;Pioggia in atto;Scarso;Sufficiente;Sufficiente;0;0;0;2;12.41307;41.89089;-1;1;Autovettura privata;In marcia / fermata / arresto;Conducente;M;Illeso;0;;Non accertato;Esploso
3170068;18;09/02/2017 03:30;Statale;VIA AURELIA;da specificare;;;;KM 10,00 DIR. CIVITAVECCHIA;Veicolo in marcia contro ostacolo fisso;Rettilineo;Due carreggiate;Bagnato (pioggia);Asfaltata;Verticale ed orizzontale;Pioggia in atto;Scarso;Sufficiente;Sufficiente;0;0;0;2;12.41307;41.89089;-1;1;Autovettura privata;In marcia / fermata / arresto;Passeggero;M;Illeso;0;;Non accertato;Esploso
3170286;18;09/02/2017 15:30;Statale;VIA AURELIA;in prossimità;;del civico n.;988;;Tamponamento Multiplo;Rettilineo;Due carreggiate;Bagnato (pioggia);Asfaltata;Verticale ed orizzontale;Nuvoloso;Intenso;Buona;Ore Diurne;0;0;0;4;12.38475;41.88613;-1;1;Autovettura privata;In marcia / fermata / arresto;Conducente;M;Illeso;0;;Non accertato;Inesploso
3170286;18;09/02/2017 15:30;Statale;VIA AURELIA;in prossimità;;del civico n.;988;;Tamponamento Multiplo;Rettilineo;Due carreggiate;Bagnato (pioggia);Asfaltata;Verticale ed orizzontale;Nuvoloso;Intenso;Buona;Ore Diurne;0;0;0;4;12.38475;41.88613;-1;2;Autovettura privata;In marcia / fermata / arresto;Conducente;M;Illeso;0;;Non accertato;Inesploso
3170286;18;09/02/2017 15:30;Statale;VIA AURELIA;in prossimità;;del civico n.;988;;Tamponamento Multiplo;Rettilineo;Due carreggiate;Bagnato (pioggia);Asfaltata;Verticale ed orizzontale;Nuvoloso;Intenso;Buona;Ore Diurne;0;0;0;4;12.38475;41.88613;-1;3;Autovettura privata;In marcia / fermata / arresto;Conducente;F;Illeso;0;;Non accertato;Esploso
3170286;18;09/02/2017 15:30;Statale;VIA AURELIA;in prossimità;;del civico n.;988;;Tamponamento Multiplo;Rettilineo;Due carreggiate;Bagnato (pioggia);Asfaltata;Verticale ed orizzontale;Nuvoloso;Intenso;Buona;Ore Diurne;0;0;0;4;12.38475;41.88613;-1;3;Autovettura privata;In marcia / fermata / arresto;Passeggero;M;Illeso;0;;Non accertato;Esploso
3170467;20;09/02/2017 18:00;Strada Urbana;VIA BELLAGIO;in corrispondenza;;del civico n.;86;;Scontro laterale fra veicoli in marcia;Rettilineo;Una carreggiata a doppio senso;Asciutto;Asfaltata;Assente;Sereno;Scarso;Sufficiente;Sufficiente;0;0;0;2;12.49315;41.99138;-1;1;Autocarro inferiore 35 q.;In marcia / fermata / arresto;Conducente;M;Illeso;0;;Non accertato;Inesistente
3170467;20;09/02/2017 18:00;Strada Urbana;VIA BELLAGIO;in corrispondenza;;del civico n.;86;;Scontro laterale fra veicoli in marcia;Rettilineo;Una carreggiata a doppio senso;Asciutto;Asfaltata;Assente;Sereno;Scarso;Sufficiente;Sufficiente;0;0;0;2;12.49315;41.99138;-1;2;Autovettura privata;In marcia / fermata / arresto;Conducente;M;Illeso;0;;Non accertato;Inesploso
3170495;18;09/02/2017 14:15;Strada Urbana;CIRCONVALLAZIONE CORNELIA;all'intersezione con;VIA DOMENICO TARDINI;VIA DOMENICO TARDINI;;;Ribaltamento senza urto contro ostacolo fisso;Intersezione stradale segnalata;Più di due carreggiate;Bagnato (pioggia);Asfaltata;Verticale ed orizzontale;Pioggia in atto;Normale;Buona;Ore Diurne;1;0;0;0;12.42543;41.90356;-1;1;Motociclo a solo;In marcia / fermata / arresto;Conducente;M;Rifiuta cure immediate;0;NON DECEDUTO;Non accertato;
3170526;16;08/02/2017 12:00;Strada Urbana;VIA GIACINTO CARINI;all'intersezione semaforizzata con;VIA FRATELLI BONNET;VIA FRATELLI BONNET;;;Scontro frontale/laterale DX fra veicoli in marcia;Intersezione semaforizzata;Una carreggiata a doppio senso;Asciutto;Asfaltata;Verticale ed orizzontale;Grandine in atto;Intenso;Sufficiente;Ore Diurne;0;0;0;2;12.46094;41.88517;-1;1;Autovettura privata;In marcia / fermata / arresto;Conducente;M;Illeso;0;;;
3170526;16;08/02/2017 12:00;Strada Urbana;VIA GIACINTO CARINI;all'intersezione semaforizzata con;VIA FRATELLI BONNET;VIA FRATELLI BONNET;;;Scontro frontale/laterale DX fra veicoli in marcia;Intersezione semaforizzata;Una carreggiata a doppio senso;Asciutto;Asfaltata;Verticale ed orizzontale;Grandine in atto;Intenso;Sufficiente;Ore Diurne;0;0;0;2;12.46094;41.88517;-1;2;Autovettura privata;In marcia / fermata / arresto;Conducente;M;Illeso;0;;;Esploso
3170539;15;09/02/2017 16:10;Strada Urbana;VICOLO DI PAPA LEONE;da specificare;;;;prossimità f.c. 131;Veicolo in marcia contro ostacolo accidentale;Curva a visuale libera;Una carreggiata a doppio senso;Bagnato (umidità in atto);Asfaltata;Orizzontale;Nuvoloso;Normale;Buona;Ore Diurne;1;0;0;0;12.44475;41.84343;-1;1;Motociclo a solo;In marcia / fermata / arresto;Conducente;F;Rimandato;0;NON DECEDUTO;;
3170540;16;08/02/2017 18:30;Strada Urbana;LARGO ALESSANDRINA RAVIZZA;in prossimità;;del civico n.;22;;Veicolo in marcia contro veicolo in sosta;Rettilineo;Una carreggiata a senso unico di marcia;Bagnato (pioggia);Asfaltata;Verticale ed orizzontale;Pioggia in atto;Normale;Buona;Sufficiente;0;0;0;3;12.45117;41.87131;-1;1;Autovettura privata;Sosta;Passeggero;M;Illeso;0;;Non accertato;
3170540;16;08/02/2017 18:30;Strada Urbana;LARGO ALESSANDRINA RAVIZZA;in prossimità;;del civico n.;22;;Veicolo in marcia contro veicolo in sosta;Rettilineo;Una carreggiata a senso unico di marcia;Bagnato (pioggia);Asfaltata;Verticale ed orizzontale;Pioggia in atto;Normale;Buona;Sufficiente;0;0;0;3;12.45117;41.87131;-1;1;Autovettura privata;Sosta;Passeggero;M;Illeso;0;;Non accertato;
3170540;16;08/02/2017 18:30;Strada Urbana;LARGO ALESSANDRINA RAVIZZA;in prossimità;;del civico n.;22;;Veicolo in marcia contro veicolo in sosta;Rettilineo;Una carreggiata a senso unico di marcia;Bagnato (pioggia);Asfaltata;Verticale ed orizzontale;Pioggia in atto;Normale;Buona;Sufficiente;0;0;0;3;12.45117;41.87131;-1;2;Autovettura privata;In marcia / fermata / arresto;Conducente;M;Illeso;0;;Non accertato;
3170542;11;09/02/2017 18:10;Strada Urbana;VIA CRISTOFORO COLOMBO;in prossimità;;del palo luce n.;227;;Tamponamento Multiplo;Rettilineo;Più di due carreggiate;Asciutto;Asfaltata;Verticale ed orizzontale;Nuvoloso;Normale;Buona;Sufficiente;2;0;0;2;12.32011;43.15759;-1;1;Autovettura privata;In marcia / fermata / arresto;Conducente;M;Illeso;0;;Non accertato;Inesploso
3170542;11;09/02/2017 18:10;Strada Urbana;VIA CRISTOFORO COLOMBO;in prossimità;;del palo luce n.;227;;Tamponamento Multiplo;Rettilineo;Più di due carreggiate;Asciutto;Asfaltata;Verticale ed orizzontale;Nuvoloso;Normale;Buona;Sufficiente;2;0;0;2;12.32011;43.15759;-1;2;Autovettura privata;In marcia / fermata / arresto;Conducente;M;Rifiuta cure immediate;0;NON DECEDUTO;Non accertato;Inesploso
3170542;11;09/02/2017 18:10;Strada Urbana;VIA CRISTOFORO COLOMBO;in prossimità;;del palo luce n.;227;;Tamponamento Multiplo;Rettilineo;Più di due carreggiate;Asciutto;Asfaltata;Verticale ed orizzontale;Nuvoloso;Normale;Buona;Sufficiente;2;0;0;2;12.32011;43.15759;-1;3;Autovettura privata;In marcia / fermata / arresto;Conducente;F;Rifiuta cure immediate;0;NON DECEDUTO;Non accertato;Inesploso
3170542;11;09/02/2017 18:10;Strada Urbana;VIA CRISTOFORO COLOMBO;in prossimità;;del palo luce n.;227;;Tamponamento Multiplo;Rettilineo;Più di due carreggiate;Asciutto;Asfaltata;Verticale ed orizzontale;Nuvoloso;Normale;Buona;Sufficiente;2;0;0;2;12.32011;43.15759;-1;4;Autovettura privata;In marcia / fermata / arresto;Conducente;M;Illeso;0;;Non accertato;Inesploso
3170547;15;09/02/2017 16:20;Strada Urbana;VICOLO DI PAPA LEONE;da specificare;;;;prossimità f.c. 131;Veicolo in marcia contro ostacolo accidentale;Rettilineo;Una carreggiata a doppio senso;Bagnato (umidità in atto);Asfaltata;Orizzontale;Nuvoloso;Normale;Buona;Ore Diurne;0;0;0;2;12.44475;41.84343;-1;1;Autovettura privata;In marcia / fermata / arresto;Conducente;F;Illeso;0;;;
3170547;15;09/02/2017 16:20;Strada Urbana;VICOLO DI PAPA LEONE;da specificare;;;;prossimità f.c. 131;Veicolo in marcia contro ostacolo accidentale;Rettilineo;Una carreggiata a doppio senso;Bagnato (umidità in atto);Asfaltata;Orizzontale;Nuvoloso;Normale;Buona;Ore Diurne;0;0;0;2;12.44475;41.84343;-1;1;Autovettura privata;In marcia / fermata / arresto;Passeggero;M;Illeso;0;;;
3170566;16;09/02/2017 01:10;Strada Urbana;VIA FEDERICO OZANAM;all'intersezione con;VIA FRANCESCO CATEL;VIA FRANCESCO CATEL;;;Scontro frontale/laterale SX fra veicoli in marcia;Incrocio;Una carreggiata a doppio senso;Bagnato (pioggia);Asfaltata;Verticale ed orizzontale;Pioggia in atto;Scarso;Buona;Sufficiente;0;0;0;2;12.44924;41.87685;-1;1;Autovettura privata;In marcia / fermata / arresto;Conducente;M;Illeso;0;;;
3170566;16;09/02/2017 01:10;Strada Urbana;VIA FEDERICO OZANAM;all'intersezione con;VIA FRANCESCO CATEL;VIA FRANCESCO CATEL;;;Scontro frontale/laterale SX fra veicoli in marcia;Incrocio;Una carreggiata a doppio senso;Bagnato (pioggia);Asfaltata;Verticale ed orizzontale;Pioggia in atto;Scarso;Buona;Sufficiente;0;0;0;2;12.44924;41.87685;-1;2;Autovettura privata;In marcia / fermata / arresto;Conducente;F;Illeso;0;;;
3170571;16;09/02/2017 08:45;Strada Urbana;VIA DELLA PISANA;da specificare;;;;fronte civico 268;Scontro frontale/laterale SX fra veicoli in marcia;Rettilineo;Una carreggiata a doppio senso;Bagnato (umidità in atto);Asfaltata;Assente;Nuvoloso;Normale;Buona;Ore Diurne;0;0;0;2;12.39763;41.85755;-1;1;Autovettura privata;In marcia / fermata / arresto;Conducente;F;Illeso;0;;Non accertato;
3170571;16;09/02/2017 08:45;Strada Urbana;VIA DELLA PISANA;da specificare;;;;fronte civico 268;Scontro frontale/laterale SX fra veicoli in marcia;Rettilineo;Una carreggiata a doppio senso;Bagnato (umidità in atto);Asfaltata;Assente;Nuvoloso;Normale;Buona;Ore Diurne;0;0;0;2;12.39763;41.85755;-1;2;Autovettura privata;In marcia / fermata / arresto;Conducente;M;Illeso;0;;Non accertato;
3170599;2;09/02/2017 19:30;Strada Urbana;VIA PIETRO RAIMONDI;in prossimità;;del civico n.;16;;Veicolo in marcia contro veicolo in sosta;Rettilineo;Una carreggiata a senso unico di marcia;Asciutto;Asfaltata;Verticale ed orizzontale;Nuvoloso;Scarso;Buona;Sufficiente;0;0;0;4;12.49188;41.91684;-1;1;Autovettura privata;In marcia / fermata / arresto;Conducente;M;Illeso;0;;;
3170599;2;09/02/2017 19:30;Strada Urbana;VIA PIETRO RAIMONDI;in prossimità;;del civico n.;16;;Veicolo in marcia contro veicolo in sosta;Rettilineo;Una carreggiata a senso unico di marcia;Asciutto;Asfaltata;Verticale ed orizzontale;Nuvoloso;Scarso;Buona;Sufficiente;0;0;0;4;12.49188;41.91684;-1;1;Autovettura privata;In marcia / fermata / arresto;Passeggero;M;Illeso;0;;;
3170599;2;09/02/2017 19:30;Strada Urbana;VIA PIETRO RAIMONDI;in prossimità;;del civico n.;16;;Veicolo in marcia contro veicolo in sosta;Rettilineo;Una carreggiata a senso unico di marcia;Asciutto;Asfaltata;Verticale ed orizzontale;Nuvoloso;Scarso;Buona;Sufficiente;0;0;0;4;12.49188;41.91684;-1;1;Autovettura privata;In marcia / fermata / arresto;Passeggero;F;Illeso;0;;;
3170599;2;09/02/2017 19:30;Strada Urbana;VIA PIETRO RAIMONDI;in prossimità;;del civico n.;16;;Veicolo in marcia contro veicolo in sosta;Rettilineo;Una carreggiata a senso unico di marcia;Asciutto;Asfaltata;Verticale ed orizzontale;Nuvoloso;Scarso;Buona;Sufficiente;0;0;0;4;12.49188;41.91684;-1;1;Autovettura privata;In marcia / fermata / arresto;Passeggero;M;Illeso;0;;;
3170772;11;09/02/2017 18:20;Strada Urbana;VIA CRISTOFORO COLOMBO;all'intersezione con;VIA CAPITAN BAVASTRO;VIA CAPITAN BAVASTRO;;;Veicolo in marcia contro ostacolo accidentale;Intersezione stradale segnalata;Più di due carreggiate;Asciutto;Asfaltata;Verticale ed orizzontale;Nuvoloso;Normale;Buona;Sufficiente;0;0;0;1;12.49569;41.86928;-1;1;Motociclo a solo;In marcia / fermata / arresto;Conducente;M;Illeso;0;;;
3170827;13;09/02/2017 07:10;Strada Urbana;VIA BRUNO MOLAJOLI;da specificare;;;;prossimità Via Vito D'Ancona;Veicolo in marcia contro ostacolo accidentale;Rettilineo;Una carreggiata a doppio senso;Bagnato (umidità in atto);Asfaltata;Assente;Nuvoloso;Normale;Buona;Sufficiente;0;0;0;1;12.36285;41.77095;-1;1;Autovettura privata;In marcia / fermata / arresto;Conducente;M;Illeso;0;;;
3170848;8;09/02/2017 10:45;Strada Urbana;VIA DON PRIMO MAZZOLARI;all'intersezione con;VIA CATERINA USAI;VIA CATERINA USAI;;;Scontro laterale fra veicoli in marcia;Incrocio;Una carreggiata a doppio senso;Asciutto;Asfaltata;Verticale ed orizzontale;Nuvoloso;Normale;Sufficiente;Ore Diurne;0;0;0;2;12.67321;41.89503;0;1;Autovettura privata;In marcia / fermata / arresto;Conducente;M;Illeso;0;;Non accertato;Inesploso
3170848;8;09/02/2017 10:45;Strada Urbana;VIA DON PRIMO MAZZOLARI;all'intersezione con;VIA CATERINA USAI;VIA CATERINA USAI;;;Scontro laterale fra veicoli in marcia;Incrocio;Una carreggiata a doppio senso;Asciutto;Asfaltata;Verticale ed orizzontale;Nuvoloso;Normale;Sufficiente;Ore Diurne;0;0;0;2;12.67321;41.89503;0;2;Autovettura privata;In marcia / fermata / arresto;Conducente;M;Illeso;0;;Non accertato;Inesploso
3170850;8;09/02/2017 11:30;Strada Urbana;VIA WALTER TOBAGI;in prossimità;;del civico n.;21;;Scontro laterale fra veicoli in marcia;Rettilineo;Una carreggiata a doppio senso;Asciutto;Strada pavimentata dissestata;Verticale ed orizzontale;Nuvoloso;Normale;Buona;Ore Diurne;0;0;0;2;12.59707;41.86842;-1;1;Autovettura privata;In marcia / fermata / arresto;Conducente;F;Illeso;0;;Non accertato;Inesploso
3170850;8;09/02/2017 11:30;Strada Urbana;VIA WALTER TOBAGI;in prossimità;;del civico n.;21;;Scontro laterale fra veicoli in marcia;Rettilineo;Una carreggiata a doppio senso;Asciutto;Strada pavimentata dissestata;Verticale ed orizzontale;Nuvoloso;Normale;Buona;Ore Diurne;0;0;0;2;12.59707;41.86842;-1;2;Autovettura privata;In marcia / fermata / arresto;Conducente;F;Illeso;0;;Non accertato;Inesploso
3170851;20;09/02/2017 18:30;Strada Urbana;VIA DI GROTTAROSSA;in prossimità;;del civico n.;56;;Scontro frontale fra veicoli in marcia;Rettilineo;Una carreggiata a doppio senso;Asciutto;Asfaltata;Assente;Sereno;Intenso;Sufficiente;Sufficiente;3;0;0;1;12.43759;41.97158;-1;1;Autovettura privata;In marcia / fermata / arresto;Conducente;M;Illeso;0;;Non accertato;Inesploso
3170851;20;09/02/2017 18:30;Strada Urbana;VIA DI GROTTAROSSA;in prossimità;;del civico n.;56;;Scontro frontale fra veicoli in marcia;Rettilineo;Una carreggiata a doppio senso;Asciutto;Asfaltata;Assente;Sereno;Intenso;Sufficiente;Sufficiente;3;0;0;1;12.43759;41.97158;-1;2;Autovettura privata;In marcia / fermata / arresto;Conducente;M;Rimandato;0;NON DECEDUTO;Non accertato;Inesploso
3170851;20;09/02/2017 18:30;Strada Urbana;VIA DI GROTTAROSSA;in prossimità;;del civico n.;56;;Scontro frontale fra veicoli in marcia;Rettilineo;Una carreggiata a doppio senso;Asciutto;Asfaltata;Assente;Sereno;Intenso;Sufficiente;Sufficiente;3;0;0;1;12.43759;41.97158;-1;2;Autovettura privata;In marcia / fermata / arresto;Passeggero;F;Rimandato;0;NON DECEDUTO;Non accertato;Inesploso
3170851;20;09/02/2017 18:30;Strada Urbana;VIA DI GROTTAROSSA;in prossimità;;del civico n.;56;;Scontro frontale fra veicoli in marcia;Rettilineo;Una carreggiata a doppio senso;Asciutto;Asfaltata;Assente;Sereno;Intenso;Sufficiente;Sufficiente;3;0;0;1;12.43759;41.97158;-1;2;Autovettura privata;In marcia / fermata / arresto;Passeggero;F;Rimandato;0;NON DECEDUTO;Non accertato;Inesploso
3170852;8;09/02/2017 16:45;Strada Urbana;VIA AMICO ASPERTINI;da specificare;;;;rampa direzione Archeologia;Veicolo in marcia contro ostacolo accidentale;Curva a visuale libera;Una carreggiata a senso unico di marcia;Asciutto;Asfaltata;Verticale ed orizzontale;Nuvoloso;Normale;Buona;Ore Diurne;0;0;0;1;12.62487;41.87694;-1;1;Autovettura privata;In marcia / fermata / arresto;Conducente;M;Illeso;0;;Non accertato;Inesploso
3170855;8;09/02/2017 19:15;Strada Urbana;VIALE DELLA SORBONA;all'intersezione con;VIA DEL FOSSO DI S. MAURA;VIA DEL FOSSO DI S. MAURA;;;Scontro laterale fra veicoli in marcia;Rotatoria;Una carreggiata a senso unico alternato;Asciutto;Asfaltata;Orizzontale;Sereno;Normale;Buona;Sufficiente;0;0;0;2;12.60037;41.85496;-1;1;Autovettura privata;In marcia / fermata / arresto;Conducente;F;Illeso;0;;Non accertato;Inesploso
3170855;8;09/02/2017 19:15;Strada Urbana;VIALE DELLA SORBONA;all'intersezione con;VIA DEL FOSSO DI S. MAURA;VIA DEL FOSSO DI S. MAURA;;;Scontro laterale fra veicoli in marcia;Rotatoria;Una carreggiata a senso unico alternato;Asciutto;Asfaltata;Orizzontale;Sereno;Normale;Buona;Sufficiente;0;0;0;2;12.60037;41.85496;-1;2;Autovettura privata;In marcia / fermata / arresto;Conducente;M;Illeso;0;;Non accertato;Inesploso
3170857;8;09/02/2017 20:05;Strada Urbana;VIA DI TORRENOVA;in corrispondenza;;del civico n.;162;;Scontro frontale/laterale DX fra veicoli in marcia;Curva a visuale libera;Una carreggiata a doppio senso;Asciutto;Asfaltata;Verticale ed orizzontale;Nuvoloso;Normale;Sufficiente;Sufficiente;1;0;0;2;12.6195;41.87495;-1;1;Autovettura privata;In marcia / fermata / arresto;Conducente;F;Illeso;0;;;
3170857;8;09/02/2017 20:05;Strada Urbana;VIA DI TORRENOVA;in corrispondenza;;del civico n.;162;;Scontro frontale/laterale DX fra veicoli in marcia;Curva a visuale libera;Una carreggiata a doppio senso;Asciutto;Asfaltata;Verticale ed orizzontale;Nuvoloso;Normale;Sufficiente;Sufficiente;1;0;0;2;12.6195;41.87495;-1;1;Autovettura privata;In marcia / fermata / arresto;Passeggero;F;Rimandato;0;NON DECEDUTO;;
3170857;8;09/02/2017 20:05;Strada Urbana;VIA DI TORRENOVA;in corrispondenza;;del civico n.;162;;Scontro frontale/laterale DX fra veicoli in marcia;Curva a visuale libera;Una carreggiata a doppio senso;Asciutto;Asfaltata;Verticale ed orizzontale;Nuvoloso;Normale;Sufficiente;Sufficiente;1;0;0;2;12.6195;41.87495;-1;2;Autovettura privata;In marcia / fermata / arresto;Conducente;F;Illeso;0;;;
3170859;5;09/02/2017 08:00;Strada Urbana;NUOVA CIRCONVALLAZIONE INTERNA;da specificare;;;;dir. Salaria pross. ingresso Portonaccio;Fuoriuscita dalla sede stradale;Curva a visuale libera;Due carreggiate;Bagnato (pioggia);Asfaltata;Verticale ed orizzontale;Nuvoloso;Normale;Buona;Ore Diurne;0;1;0;0;12.53413;41.90634;-1;1;Autovettura privata;In marcia / fermata / arresto;Conducente;M;Prognosi riservata;0;NON DECEDUTO;Non accertato;
3170871;20;10/02/2017 02:50;Strada Urbana;VIA CASSIA;da specificare;;;;altezza via Monte Peloso;Veicolo in marcia contro veicoli in sosta;Curva a visuale libera;Una carreggiata a doppio senso;Bagnato (pioggia);Asfaltata;Orizzontale;Nuvoloso;Scarso;Buona;Sufficiente;0;0;0;2;12.42353;41.97781;-1;1;Autovettura privata;In marcia / fermata / arresto;Conducente;M;Illeso;0;;Non accertato;
3170871;20;10/02/2017 02:50;Strada Urbana;VIA CASSIA;da specificare;;;;altezza via Monte Peloso;Veicolo in marcia contro veicoli in sosta;Curva a visuale libera;Una carreggiata a doppio senso;Bagnato (pioggia);Asfaltata;Orizzontale;Nuvoloso;Scarso;Buona;Sufficiente;0;0;0;2;12.42353;41.97781;-1;1;Autovettura privata;In marcia / fermata / arresto;Passeggero;F;Illeso;0;;Non accertato;Inesploso
3170879;5;09/02/2017 08:15;Strada Urbana;VIA DEI MONTI DI PIETRALATA;all'intersezione con;VIA GIULIO CURIONI;VIA GIULIO CURIONI;;;Scontro frontale/laterale SX fra veicoli in marcia;Incrocio;Una carreggiata a doppio senso;Bagnato (umidità in atto);Asfaltata;Verticale ed orizzontale;Nuvoloso;Normale;Buona;Ore Diurne;2;0;0;1;12.53237;41.92473;-1;1;Autovettura privata;In marcia / fermata / arresto;Conducente;M;Illeso;0;;Non accertato;Inesploso
3170879;5;09/02/2017 08:15;Strada Urbana;VIA DEI MONTI DI PIETRALATA;all'intersezione con;VIA GIULIO CURIONI;VIA GIULIO CURIONI;;;Scontro frontale/laterale SX fra veicoli in marcia;Incrocio;Una carreggiata a doppio senso;Bagnato (umidità in atto);Asfaltata;Verticale ed orizzontale;Nuvoloso;Normale;Buona;Ore Diurne;2;0;0;1;12.53237;41.92473;-1;2;Autovettura privata;In marcia / fermata / arresto;Conducente;F;Rimandato;0;NON DECEDUTO;Non accertato;Inesploso
3170879;5;09/02/2017 08:15;Strada Urbana;VIA DEI MONTI DI PIETRALATA;all'intersezione con;VIA GIULIO CURIONI;VIA GIULIO CURIONI;;;Scontro frontale/laterale SX fra veicoli in marcia;Incrocio;Una carreggiata a doppio senso;Bagnato (umidità in atto);Asfaltata;Verticale ed orizzontale;Nuvoloso;Normale;Buona;Ore Diurne;2;0;0;1;12.53237;41.92473;-1;2;Autovettura privata;In marcia / fermata / arresto;Passeggero;F;Rimandato;0;NON DECEDUTO;Non accertato;Inesploso
3170884;8;10/02/2017 03:00;Strada Urbana;VIA PRENESTINA;in prossimità;;del civico n.;1441;;Veicolo in marcia contro ostacolo accidentale;Rettilineo;Una carreggiata a doppio senso;Asciutto;Asfaltata;Orizzontale;Sereno;Scarso;Sufficiente;Insufficiente;0;0;0;1;12.65267;41.89172;-1;1;Autovettura privata;In marcia / fermata / arresto;Conducente;M;Illeso;0;;;
3170886;5;09/02/2017 09:20;Strada Urbana;VIA TIBURTINA;all'intersezione con;VIA ZOE FONTANA;VIA ZOE FONTANA;;;Scontro laterale fra veicoli in marcia;Incrocio;Due carreggiate;Asciutto;Asfaltata;Verticale ed orizzontale;Nuvoloso;Normale;Buona;Ore Diurne;1;0;0;1;12.60967;41.93492;-1;1;Autoarticolato;In marcia / fermata / arresto;Conducente;M;Illeso;0;;Non accertato;Inesistente
3170886;5;09/02/2017 09:20;Strada Urbana;VIA TIBURTINA;all'intersezione con;VIA ZOE FONTANA;VIA ZOE FONTANA;;;Scontro laterale fra veicoli in marcia;Incrocio;Due carreggiate;Asciutto;Asfaltata;Verticale ed orizzontale;Nuvoloso;Normale;Buona;Ore Diurne;1;0;0;1;12.60967;41.93492;-1;2;Autovettura privata;In marcia / fermata / arresto;Conducente;F;Rimandato;0;NON DECEDUTO;Non accertato;Inesistente
3170898;19;09/02/2017 09:20;Strada Urbana;VIA VINCENZO TOMASSINI;all'intersezione con;VIA DEI BRUNO;VIA DEI BRUNO;;;Scontro frontale/laterale SX fra veicoli in marcia;Intersezione stradale segnalata;Una carreggiata a senso unico di marcia;Asciutto;Asfaltata;Verticale ed orizzontale;Sereno;Normale;Buona;Ore Diurne;0;0;0;2;12.41272;41.92865;-1;1;Autovettura privata;In marcia / fermata / arresto;Conducente;F;Illeso;0;;Non accertato;Inesploso