Protocollo;Gruppo;DataOraIncidente;Localizzazione1;STRADA1;Localizzazione2;STRADA2;Strada02;Chilometrica;DaSpecificare;NaturaIncidente;particolaritastrade;TipoStrada;FondoStradale;Pavimentazione;Segnaletica;CondizioneAtmosferica;Traffico;Visibilita;Illuminazione;NUM_FERITI;NUM_RISERVATA;NUM_MORTI;NUM_ILLESI;Longitudine;Latitudine;Confermato;Progressivo;TipoVeicolo;StatoVeicolo;TipoPersona;Sesso;Tipolesione;Deceduto;DecedutoDopo;CinturaCascoUtilizzato;Airbag
3178333;17;15/02/2017 09:00;Strada Urbana;VIA OSTIA;in corrispondenza;;del civico n.;32;;Veicolo in marcia contro veicolo fermo;Rettilineo;Una carreggiata a senso unico di marcia;Asciutto;Asfaltata;Verticale ed orizzontale;Sereno;Scarso;Buona;Ore Diurne;0;0;0;2;12.45445;41.90951;-1;1;Autovettura privata;In marcia / fermata / arresto;Conducente;F;Illeso;0;;;
3178333;17;15/02/2017 09:00;Strada Urbana;VIA OSTIA;in corrispondenza;;del civico n.;32;;Veicolo in marcia contro veicolo fermo;Rettilineo;Una carreggiata a senso unico di marcia;Asciutto;Asfaltata;Verticale ed orizzontale;Sereno;Scarso;Buona;Ore Diurne;0;0;0;2;12.45445;41.90951;-1;2;Autovettura privata;In marcia / fermata / arresto;Conducente;F;Illeso;0;;Non accertato;
3178478;18;14/02/2017 12:45;Strada Urbana;VIA GREGORIO VII;da specificare;;;;fronte civico 380;Scontro frontale/laterale SX fra veicoli in marcia;Rettilineo;Più di due carreggiate;Asciutto;Asfaltata;Verticale ed orizzontale;Sereno;Normale;Buona;Ore Diurne;0;0;0;2;12.44068;41.89613;-1;1;Autovettura privata;In marcia / fermata / arresto;Conducente;M;Illeso;0;;Non accertato;Inesploso
3178478;18;14/02/2017 12:45;Strada Urbana;VIA GREGORIO VII;da specificare;;;;fronte civico 380;Scontro frontale/laterale SX fra veicoli in marcia;Rettilineo;Più di due carreggiate;Asciutto;Asfaltata;Verticale ed orizzontale;Sereno;Normale;Buona;Ore Diurne;0;0;0;2;12.44068;41.89613;-1;2;Autovettura privata;In marcia / fermata / arresto;Conducente;M;Illeso;0;;Non accertato;Inesploso
3178488;18;14/02/2017 13:35;Strada Urbana;VIA BALDO DEGLI UBALDI;da specificare;;;;fronte civico 384;Tamponamento;Rettilineo;Due carreggiate;Asciutto;Asfaltata;Verticale ed orizzontale;Nuvoloso;Scarso;Buona;Ore Diurne;1;0;0;1;12.43622;41.89982;-1;1;Autovettura privata;In marcia / fermata / arresto;Conducente;M;Illeso;0;;;
3178488;18;14/02/2017 13:35;Strada Urbana;VIA BALDO DEGLI UBALDI;da specificare;;;;fronte civico 384;Tamponamento;Rettilineo;Due carreggiate;Asciutto;Asfaltata;Verticale ed orizzontale;Nuvoloso;Scarso;Buona;Ore Diurne;1;0;0;1;12.43622;41.89982;-1;2;Motociclo a solo;In marcia / fermata / arresto;Conducente;F;Rimandato;0;NON DECEDUTO;;
3178499;18;14/02/2017 18:35;Strada Urbana;VIA AURELIA;in corrispondenza;;del civico n.;434;;Veicolo in marcia contro veicolo fermo;Rettilineo;Due carreggiate;Asciutto;Asfaltata;Verticale;Sereno;Intenso;Sufficiente;Sufficiente;0;0;0;3;12.42668;41.89875;-1;1;Autovettura privata;In marcia / fermata / arresto;Conducente;F;Illeso;0;;Non accertato;Inesploso
3178499;18;14/02/2017 18:35;Strada Urbana;VIA AURELIA;in corrispondenza;;del civico n.;434;;Veicolo in marcia contro veicolo fermo;Rettilineo;Due carreggiate;Asciutto;Asfaltata;Verticale;Sereno;Intenso;Sufficiente;Sufficiente;0;0;0;3;12.42668;41.89875;-1;1;Autovettura privata;In marcia / fermata / arresto;Passeggero;F;Illeso;0;;Non accertato;Inesploso
3178499;18;14/02/2017 18:35;Strada Urbana;VIA AURELIA;in corrispondenza;;del civico n.;434;;Veicolo in marcia contro veicolo fermo;Rettilineo;Due carreggiate;Asciutto;Asfaltata;Verticale;Sereno;Intenso;Sufficiente;Sufficiente;0;0;0;3;12.42668;41.89875;-1;2;Autovettura privata;In marcia / fermata / arresto;Conducente;M;Illeso;0;;Non accertato;Inesploso
3178504;18;14/02/2017 21:10;Strada Urbana;VIA DI BOCCEA;da specificare;;;;prossimità VIA NAZARETH;Tamponamento;Rettilineo;Due carreggiate;Asciutto;Asfaltata;Verticale ed orizzontale;Sereno;Normale;Sufficiente;Sufficiente;0;0;0;3;12.39198;41.91171;-1;1;Autovettura privata;In marcia / fermata / arresto;Conducente;M;Illeso;0;;Non accertato;Inesploso
3178504;18;14/02/2017 21:10;Strada Urbana;VIA DI BOCCEA;da specificare;;;;prossimità VIA NAZARETH;Tamponamento;Rettilineo;Due carreggiate;Asciutto;Asfaltata;Verticale ed orizzontale;Sereno;Normale;Sufficiente;Sufficiente;0;0;0;3;12.39198;41.91171;-1;2;Autovettura privata;In marcia / fermata / arresto;Conducente;M;Illeso;0;;Non accertato;
3178504;18;14/02/2017 21:10;Strada Urbana;VIA DI BOCCEA;da specificare;;;;prossimità VIA NAZARETH;Tamponamento;Rettilineo;Due carreggiate;Asciutto;Asfaltata;Verticale ed orizzontale;Sereno;Normale;Sufficiente;Sufficiente;0;0;0;3;12.39198;41.91171;-1;2;Autovettura privata;In marcia / fermata / arresto;Passeggero;M;Illeso;0;;;
3178510;18;15/02/2017 07:30;Statale;VIA AURELIA;in prossimità;;della chilometrica;8.8;;Scontro laterale fra veicoli in marcia;Rettilineo;Due carreggiate;Asciutto;Asfaltata;Verticale ed orizzontale;Sereno;Normale;Buona;Ore Diurne;0;0;0;2;12.41308;41.89088;-1;1;Autovettura privata;In marcia / fermata / arresto;Conducente;F;Illeso;0;;Non accertato;Inesploso
3178510;18;15/02/2017 07:30;Statale;VIA AURELIA;in prossimità;;della chilometrica;8.8;;Scontro laterale fra veicoli in marcia;Rettilineo;Due carreggiate;Asciutto;Asfaltata;Verticale ed orizzontale;Sereno;Normale;Buona;Ore Diurne;0;0;0;2;12.41308;41.89088;-1;2;Autocarro inferiore 35 q.;In marcia / fermata / arresto;Conducente;M;Illeso;0;;Non accertato;Inesploso
3178578;18;15/02/2017 07:55;Strada Urbana;CIRCONVALLAZIONE CORNELIA;all'intersezione semaforizzata con;PIAZZA S. GIOVANNI BATTISTA DE LA SALLE;PIAZZA S. GIOVANNI BATTISTA DE LA SALLE;;;Tamponamento;Intersezione semaforizzata;Una carreggiata a senso unico di marcia;Asciutto;Asfaltata;Verticale ed orizzontale;Sereno;Intenso;Buona;Ore Diurne;0;0;0;2;12.42587;41.90196;-1;1;Autovettura privata;In marcia / fermata / arresto;Conducente;M;Illeso;0;;;
3178578;18;15/02/2017 07:55;Strada Urbana;CIRCONVALLAZIONE CORNELIA;all'intersezione semaforizzata con;PIAZZA S. GIOVANNI BATTISTA DE LA SALLE;PIAZZA S. GIOVANNI BATTISTA DE LA SALLE;;;Tamponamento;Intersezione semaforizzata;Una carreggiata a senso unico di marcia;Asciutto;Asfaltata;Verticale ed orizzontale;Sereno;Intenso;Buona;Ore Diurne;0;0;0;2;12.42587;41.90196;-1;2;Autovettura privata;In marcia / fermata / arresto;Conducente;M;Illeso;0;;Non accertato;Inesploso
3178633;3;13/02/2017 12:50;Strada Urbana;VIALE DELL'UNIVERSITA';in corrispondenza;;del civico n.;30;;Scontro laterale fra veicoli in marcia;Rettilineo;Una carreggiata a doppio senso;Asciutto;Asfaltata;Verticale ed orizzontale;Sereno;Normale;Buona;Ore Diurne;1;0;0;1;12.51302;41.90459;-1;1;Autovettura privata;In marcia / fermata / arresto;Conducente;M;Illeso;0;;Non accertato;Inesploso
3178633;3;13/02/2017 12:50;Strada Urbana;VIALE DELL'UNIVERSITA';in corrispondenza;;del civico n.;30;;Scontro laterale fra veicoli in marcia;Rettilineo;Una carreggiata a doppio senso;Asciutto;Asfaltata;Verticale ed orizzontale;Sereno;Normale;Buona;Ore Diurne;1;0;0;1;12.51302;41.90459;-1;2;Motociclo a solo;In marcia / fermata / arresto;Conducente;F;Rimandato;0;NON DECEDUTO;Non accertato;
3178654;3;13/02/2017 17:00;Strada Urbana;VIA NOMENTANA;in prossimità;;del civico n.;309;;Tamponamento Multiplo;Rettilineo;Più di due carreggiate;Asciutto;Asfaltata;Verticale ed orizzontale;Sereno;Normale;Buona;Ore Diurne;0;0;0;3;12.51599;41.91953;-1;1;Autovettura privata;In marcia / fermata / arresto;Conducente;M;Illeso;0;;Non accertato;Inesploso
3178654;3;13/02/2017 17:00;Strada Urbana;VIA NOMENTANA;in prossimità;;del civico n.;309;;Tamponamento Multiplo;Rettilineo;Più di due carreggiate;Asciutto;Asfaltata;Verticale ed orizzontale;Sereno;Normale;Buona;Ore Diurne;0;0;0;3;12.51599;41.91953;-1;2;Autovettura privata;In marcia / fermata / arresto;Conducente;F;Illeso;0;;Non accertato;Inesploso
3178654;3;13/02/2017 17:00;Strada Urbana;VIA NOMENTANA;in prossimità;;del civico n.;309;;Tamponamento Multiplo;Rettilineo;Più di due carreggiate;Asciutto;Asfaltata;Verticale ed orizzontale;Sereno;Normale;Buona;Ore Diurne;0;0;0;3;12.51599;41.91953;-1;3;Autovettura privata;In marcia / fermata / arresto;Conducente;M;Illeso;0;;Non accertato;Inesploso
3178817;7;15/02/2017 10:00;Strada Urbana;VIALE PALMIRO TOGLIATTI;all'intersezione con;VIA DELLE CILIEGIE;VIA DELLE CILIEGIE;;;Tamponamento;Intersezione stradale segnalata;Una carreggiata a senso unico di marcia;Asciutto;Asfaltata;Verticale ed orizzontale;Sereno;Normale;Buona;Ore Diurne;0;0;0;3;12.5742;41.88971;-1;1;Autovettura privata;In marcia / fermata / arresto;Conducente;M;Illeso;0;;;
3178817;7;15/02/2017 10:00;Strada Urbana;VIALE PALMIRO TOGLIATTI;all'intersezione con;VIA DELLE CILIEGIE;VIA DELLE CILIEGIE;;;Tamponamento;Intersezione stradale segnalata;Una carreggiata a senso unico di marcia;Asciutto;Asfaltata;Verticale ed orizzontale;Sereno;Normale;Buona;Ore Diurne;0;0;0;3;12.5742;41.88971;-1;2;Autovettura privata;In marcia / fermata / arresto;Conducente;M;Illeso;0;;;
3178817;7;15/02/2017 10:00;Strada Urbana;VIALE PALMIRO TOGLIATTI;all'intersezione con;VIA DELLE CILIEGIE;VIA DELLE CILIEGIE;;;Tamponamento;Intersezione stradale segnalata;Una carreggiata a senso unico di marcia;Asciutto;Asfaltata;Verticale ed orizzontale;Sereno;Normale;Buona;Ore Diurne;0;0;0;3;12.5742;41.88971;-1;2;Autovettura privata;In marcia / fermata / arresto;Passeggero;M;Illeso;0;;Non accertato;Inesploso
3178964;7;15/02/2017 15:50;Strada Urbana;VIA DEL CAMPO;in corrispondenza;;del civico n.;46/e;;Veicolo in marcia contro veicoli in sosta;Rettilineo;Una carreggiata a doppio senso;Sdrucciolevole (fango);Asfaltata;Assente;Sereno;Normale;Buona;Ore Diurne;0;0;0;2;12.578;41.87702;-1;1;Motociclo a solo;In marcia / fermata / arresto;Conducente;F;Illeso;0;;Non accertato;
3178964;7;15/02/2017 15:50;Strada Urbana;VIA DEL CAMPO;in corrispondenza;;del civico n.;46/e;;Veicolo in marcia contro veicoli in sosta;Rettilineo;Una carreggiata a doppio senso;Sdrucciolevole (fango);Asfaltata;Assente;Sereno;Normale;Buona;Ore Diurne;0;0;0;2;12.578;41.87702;-1;2;Autovettura privata;Sosta;Passeggero;F;Illeso;0;;;
3178978;3;13/02/2017 20:00;Strada Urbana;CIRCONVALLAZIONE TIBURTINA;da specificare;;;;DIREZIONE SALARIA PROSSIMITA' EASY BOX;Infortunio per sola frenata improvvisa;Rettilineo;Due carreggiate;Asciutto;Asfaltata;Verticale ed orizzontale;Sereno;Normale;Buona;Sufficiente;0;0;0;1;12.5279;41.89931;-1;1;Autovettura privata;In marcia / fermata / arresto;Conducente;M;Illeso;0;;Non accertato;Inesploso
3178988;6;15/02/2017 13:20;Strada Urbana;VIALE DELLA VENEZIA GIULIA;in corrispondenza;;del civico n.;77;;Tamponamento;Rettilineo;Una carreggiata a doppio senso;Asciutto;Asfaltata;Verticale ed orizzontale;Sereno;Scarso;Buona;Ore Diurne;0;0;0;2;12.5551;41.89635;-1;1;Autovettura privata;In marcia / fermata / arresto;Conducente;F;Illeso;0;;;
3178988;6;15/02/2017 13:20;Strada Urbana;VIALE DELLA VENEZIA GIULIA;in corrispondenza;;del civico n.;77;;Tamponamento;Rettilineo;Una carreggiata a doppio senso;Asciutto;Asfaltata;Verticale ed orizzontale;Sereno;Scarso;Buona;Ore Diurne;0;0;0;2;12.5551;41.89635;-1;2;Autocarro inferiore 35 q.;In marcia / fermata / arresto;Conducente;M;Illeso;0;;;
3178990;3;14/02/2017 11:10;Strada Urbana;CIRCONVALLAZIONE NOMENTANA;da specificare;;;;FRONTE CIVICO 540;Scontro laterale fra veicoli in marcia;Rettilineo;Una carreggiata a senso unico di marcia;Asciutto;Asfaltata;Verticale ed orizzontale;Sereno;Scarso;Buona;Ore Diurne;0;0;0;4;12.52896;41.91077;-1;1;Autocarro inferiore 35 q.;In marcia / fermata / arresto;Conducente;M;Illeso;0;;Non accertato;Inesploso
3178990;3;14/02/2017 11:10;Strada Urbana;CIRCONVALLAZIONE NOMENTANA;da specificare;;;;FRONTE CIVICO 540;Scontro laterale fra veicoli in marcia;Rettilineo;Una carreggiata a senso unico di marcia;Asciutto;Asfaltata;Verticale ed orizzontale;Sereno;Scarso;Buona;Ore Diurne;0;0;0;4;12.52896;41.91077;-1;1;Autocarro inferiore 35 q.;In marcia / fermata / arresto;Passeggero;M;Illeso;0;;Non accertato;Inesploso
3178990;3;14/02/2017 11:10;Strada Urbana;CIRCONVALLAZIONE NOMENTANA;da specificare;;;;FRONTE CIVICO 540;Scontro laterale fra veicoli in marcia;Rettilineo;Una carreggiata a senso unico di marcia;Asciutto;Asfaltata;Verticale ed orizzontale;Sereno;Scarso;Buona;Ore Diurne;0;0;0;4;12.52896;41.91077;-1;2;Autovettura privata;In marcia / fermata / arresto;Conducente;M;Illeso;0;;Non accertato;Inesploso
3178990;3;14/02/2017 11:10;Strada Urbana;CIRCONVALLAZIONE NOMENTANA;da specificare;;;;FRONTE CIVICO 540;Scontro laterale fra veicoli in marcia;Rettilineo;Una carreggiata a senso unico di marcia;Asciutto;Asfaltata;Verticale ed orizzontale;Sereno;Scarso;Buona;Ore Diurne;0;0;0;4;12.52896;41.91077;-1;2;Autovettura privata;In marcia / fermata / arresto;Passeggero;F;Illeso;0;;Non accertato;Inesploso
3178996;3;14/02/2017 17:50;Strada Urbana;CIRCONVALLAZIONE NOMENTANA;da specificare;;;;FRONTE CIVICO 284;Tamponamento Multiplo;Rettilineo;Più di due carreggiate;Asciutto;Asfaltata;Verticale ed orizzontale;Sereno;Intenso;Buona;Sufficiente;0;0;0;7;12.5272;41.9185;-1;1;Autovettura privata;In marcia / fermata / arresto;Conducente;M;Illeso;0;;Non accertato;Inesploso
3178996;3;14/02/2017 17:50;Strada Urbana;CIRCONVALLAZIONE NOMENTANA;da specificare;;;;FRONTE CIVICO 284;Tamponamento Multiplo;Rettilineo;Più di due carreggiate;Asciutto;Asfaltata;Verticale ed orizzontale;Sereno;Intenso;Buona;Sufficiente;0;0;0;7;12.5272;41.9185;-1;2;Autovettura privata;In marcia / fermata / arresto;Conducente;M;Illeso;0;;Non accertato;Inesploso
3178996;3;14/02/2017 17:50;Strada Urbana;CIRCONVALLAZIONE NOMENTANA;da specificare;;;;FRONTE CIVICO 284;Tamponamento Multiplo;Rettilineo;Più di due carreggiate;Asciutto;Asfaltata;Verticale ed orizzontale;Sereno;Intenso;Buona;Sufficiente;0;0;0;7;12.5272;41.9185;-1;3;Autovettura privata;In marcia / fermata / arresto;Conducente;F;Illeso;0;;Non accertato;Inesploso
3178996;3;14/02/2017 17:50;Strada Urbana;CIRCONVALLAZIONE NOMENTANA;da specificare;;;;FRONTE CIVICO 284;Tamponamento Multiplo;Rettilineo;Più di due carreggiate;Asciutto;Asfaltata;Verticale ed orizzontale;Sereno;Intenso;Buona;Sufficiente;0;0;0;7;12.5272;41.9185;-1;4;Autovettura privata;In marcia / fermata / arresto;Conducente;M;Illeso;0;;Non accertato;Inesploso
3178996;3;14/02/2017 17:50;Strada Urbana;CIRCONVALLAZIONE NOMENTANA;da specificare;;;;FRONTE CIVICO 284;Tamponamento Multiplo;Rettilineo;Più di due carreggiate;Asciutto;Asfaltata;Verticale ed orizzontale;Sereno;Intenso;Buona;Sufficiente;0;0;0;7;12.5272;41.9185;-1;4;Autovettura privata;In marcia / fermata / arresto;Passeggero;F;Illeso;0;;Non accertato;Inesploso
3178996;3;14/02/2017 17:50;Strada Urbana;CIRCONVALLAZIONE NOMENTANA;da specificare;;;;FRONTE CIVICO 284;Tamponamento Multiplo;Rettilineo;Più di due carreggiate;Asciutto;Asfaltata;Verticale ed orizzontale;Sereno;Intenso;Buona;Sufficiente;0;0;0;7;12.5272;41.9185;-1;4;Autovettura privata;In marcia / fermata / arresto;Passeggero;F;Illeso;0;;Non accertato;Inesploso
3178997;6;15/02/2017 14:00;Strada Urbana;LARGO AGOSTA;all'intersezione con;VIALE AGOSTA;VIALE AGOSTA;;;Scontro frontale/laterale SX fra veicoli in marcia;Incrocio;Una carreggiata a senso unico di marcia;Asciutto;Asfaltata;Verticale ed orizzontale;Sereno;Normale;Buona;Ore Diurne;0;0;0;1;12.55815;41.89154;-1;1;Autovettura privata;In marcia / fermata / arresto;Conducente;M;Illeso;0;;;
3179030;9;15/02/2017 14:20;Strada Urbana;VIA TUSCOLANA;in corrispondenza;;del civico n.;576;;Scontro frontale/laterale SX fra veicoli in marcia;Rettilineo;Due carreggiate;Asciutto;Asfaltata;Verticale ed orizzontale;Sereno;Normale;Buona;Ore Diurne;0;0;0;2;12.53725;41.86941;-1;1;Autovettura privata;In marcia / fermata / arresto;Conducente;M;Illeso;0;;Non accertato;Inesploso
3179030;9;15/02/2017 14:20;Strada Urbana;VIA TUSCOLANA;in corrispondenza;;del civico n.;576;;Scontro frontale/laterale SX fra veicoli in marcia;Rettilineo;Due carreggiate;Asciutto;Asfaltata;Verticale ed orizzontale;Sereno;Normale;Buona;Ore Diurne;0;0;0;2;12.53725;41.86941;-1;2;Autovettura privata;In marcia / fermata / arresto;Conducente;M;Illeso;0;;Non accertato;Inesploso
3179069;15;15/02/2017 08:35;Strada Urbana;VIA DELLA MAGLIANA;all'intersezione con;VIA LUIGI RAVA;VIA LUIGI RAVA;;;Scontro frontale/laterale DX fra veicoli in marcia;Intersezione non regolata/non segnalata;Una carreggiata a doppio senso;Asciutto;Asfaltata;Verticale ed orizzontale;Sereno;Intenso;Buona;Ore Diurne;1;0;0;1;12.42401;41.83394;-1;1;Autovettura privata;In marcia / fermata / arresto;Conducente;F;Illeso;0;;Utilizzato;
3179069;15;15/02/2017 08:35;Strada Urbana;VIA DELLA MAGLIANA;all'intersezione con;VIA LUIGI RAVA;VIA LUIGI RAVA;;;Scontro frontale/laterale DX fra veicoli in marcia;Intersezione non regolata/non segnalata;Una carreggiata a doppio senso;Asciutto;Asfaltata;Verticale ed orizzontale;Sereno;Intenso;Buona;Ore Diurne;1;0;0;1;12.42401;41.83394;-1;2;Motociclo a solo;In marcia / fermata / arresto;Conducente;F;Rimandato;0;NON DECEDUTO;Utilizzato;
3179112;15;15/02/2017 11:55;Comunale extraurbana;VIA ROMOLO DE' CATERINI;da specificare;;;;F.C. 26;Scontro frontale/laterale SX fra veicoli in marcia;Rettilineo;Due carreggiate;Asciutto;Asfaltata;Orizzontale;Sereno;Scarso;Buona;Ore Diurne;0;0;0;2;12.33037;41.80344;-1;1;Autovettura privata;In marcia / fermata / arresto;Conducente;F;Illeso;0;;Non accertato;Inesploso
3179112;15;15/02/2017 11:55;Comunale extraurbana;VIA ROMOLO DE' CATERINI;da specificare;;;;F.C. 26;Scontro frontale/laterale SX fra veicoli in marcia;Rettilineo;Due carreggiate;Asciutto;Asfaltata;Orizzontale;Sereno;Scarso;Buona;Ore Diurne;0;0;0;2;12.33037;41.80344;-1;2;Autovettura privata;In marcia / fermata / arresto;Conducente;F;Illeso;0;;Non accertato;Inesploso
3179130;15;15/02/2017 16:00;Strada Urbana;VIA PASQUALE BAFFI;in corrispondenza;;del civico n.;32;;Scontro laterale fra veicoli in marcia;Rettilineo;Una carreggiata a doppio senso;Asciutto;Asfaltata;Assente;Sereno;Intenso;Buona;Ore Diurne;0;0;0;2;12.45293;41.85188;-1;1;Autovettura privata;In marcia / fermata / arresto;Conducente;F;Illeso;0;;Non accertato;Inesploso
3179130;15;15/02/2017 16:00;Strada Urbana;VIA PASQUALE BAFFI;in corrispondenza;;del civico n.;32;;Scontro laterale fra veicoli in marcia;Rettilineo;Una carreggiata a doppio senso;Asciutto;Asfaltata;Assente;Sereno;Intenso;Buona;Ore Diurne;0;0;0;2;12.45293;41.85188;-1;1;Autovettura privata;In marcia / fermata / arresto;Passeggero;F;Illeso;0;;;
3179134;15;15/02/2017 17:00;Strada Urbana;VIA PORTUENSE;in corrispondenza;;del civico n.;700;;Investimento di pedone;Curva a visuale libera;Due carreggiate;Asciutto;Asfaltata;Verticale ed orizzontale;Sereno;Intenso;Buona;Ore Diurne;1;0;0;1;12.4354;41.85235;-1;;;;Pedone;M;Rimandato;0;NON DECEDUTO;;
3179134;15;15/02/2017 17:00;Strada Urbana;VIA PORTUENSE;in corrispondenza;;del civico n.;700;;Investimento di pedone;Curva a visuale libera;Due carreggiate;Asciutto;Asfaltata;Verticale ed orizzontale;Sereno;Intenso;Buona;Ore Diurne;1;0;0;1;12.4354;41.85235;-1;1;Autocarro inferiore 35 q.;In marcia / fermata / arresto;Conducente;M;Illeso;0;;Utilizzato;
3179135;16;15/02/2017 07:20;Strada Urbana;VIA DI DONNA OLIMPIA;da specificare;;;;fronte civico 98;Investimento di pedone;Rettilineo;Una carreggiata a doppio senso;Asciutto;Asfaltata;Orizzontale;Sereno;Normale;Buona;Ore Diurne;0;0;0;2;12.45353;41.87674;-1;;;;Pedone;F;Illeso;0;;;
3179135;16;15/02/2017 07:20;Strada Urbana;VIA DI DONNA OLIMPIA;da specificare;;;;fronte civico 98;Investimento di pedone;Rettilineo;Una carreggiata a doppio senso;Asciutto;Asfaltata;Orizzontale;Sereno;Normale;Buona;Ore Diurne;0;0;0;2;12.45353;41.87674;-1;1;Motociclo a solo;In marcia / fermata / arresto;Conducente;M;Illeso;0;;Non accertato;
3179230;2;16/02/2017 01:10;Strada Urbana;VIALE TIZIANO;da specificare;;;;altezza Via Iacovacci;Veicolo in marcia contro ostacolo fisso;Rettilineo;Una carreggiata a senso unico di marcia;Asciutto;Asfaltata;Verticale ed orizzontale;Sereno;Scarso;Buona;Sufficiente;0;0;0;1;12.47073;41.9265;-1;1;Autovettura privata;In marcia / fermata / arresto;Conducente;F;Illeso;0;;Non accertato;Inesploso
3179348;9;16/02/2017 04:00;Strada Urbana;VIA TUSCOLANA;in prossimità;;del civico n.;1394;;Veicolo in marcia contro veicoli in sosta;Rettilineo;Due carreggiate;Asciutto;Asfaltata;Assente;Sereno;Scarso;Buona;Sufficiente;0;0;0;1;12.56568;41.85466;-1;1;Autovettura privata;In marcia / fermata / arresto;Conducente;F;Illeso;0;;Non accertato;Inesploso
3179365;8;15/02/2017 17:34;Strada Urbana;VIA DEI RUDERI DI CASA CALDA;all'intersezione con;VIA DEI COLOMBI;VIA DEI COLOMBI;;;Investimento di pedone;Intersezione stradale segnalata;Una carreggiata a doppio senso;Asciutto;Asfaltata;Verticale ed orizzontale;Sereno;Normale;Buona;Ore Diurne;1;0;0;1;12.59472;41.87465;-1;;;;Pedone;F;Rimandato;0;NON DECEDUTO;;
3179365;8;15/02/2017 17:34;Strada Urbana;VIA DEI RUDERI DI CASA CALDA;all'intersezione con;VIA DEI COLOMBI;VIA DEI COLOMBI;;;Investimento di pedone;Intersezione stradale segnalata;Una carreggiata a doppio senso;Asciutto;Asfaltata;Verticale ed orizzontale;Sereno;Normale;Buona;Ore Diurne;1;0;0;1;12.59472;41.87465;-1;1;Autocarro inferiore 35 q.;In marcia / fermata / arresto;Conducente;M;Illeso;0;;Non accertato;
3179367;8;15/02/2017 10:20;Strada Urbana;VIA DI TOR VERGATA;all'intersezione semaforizzata con;VIA FRANCESCO TENSI;VIA FRANCESCO TENSI;;;Tamponamento;Incrocio;Due carreggiate;Asciutto;Asfaltata;Verticale ed orizzontale;Sereno;Normale;Buona;Ore Diurne;0;0;0;2;12.62263;41.8474;-1;1;Autovettura privata;In marcia / fermata / arresto;Conducente;M;Illeso;0;;Non accertato;Inesploso
3179367;8;15/02/2017 10:20;Strada Urbana;VIA DI TOR VERGATA;all'intersezione semaforizzata con;VIA FRANCESCO TENSI;VIA FRANCESCO TENSI;;;Tamponamento;Incrocio;Due carreggiate;Asciutto;Asfaltata;Verticale ed orizzontale;Sereno;Normale;Buona;Ore Diurne;0;0;0;2;12.62263;41.8474;-1;2;Autovettura privata;In marcia / fermata / arresto;Conducente;F;Illeso;0;;Non accertato;Inesploso
3179368;8;15/02/2017 15:20;Strada Urbana;VIA MARIO PASTORE;all'intersezione con;VIA GIUSEPPE MARRAZZO;VIA GIUSEPPE MARRAZZO;;;Scontro laterale fra veicoli in marcia;Incrocio;Una carreggiata a senso unico di marcia;Asciutto;Asfaltata;Verticale ed orizzontale;Sereno;Normale;Buona;Ore Diurne;2;0;0;0;12.60693;41.85049;-1;1;Motociclo a solo;In marcia / fermata / arresto;Conducente;M;Rimandato;0;NON DECEDUTO;Non accertato;
3179368;8;15/02/2017 15:20;Strada Urbana;VIA MARIO PASTORE;all'intersezione con;VIA GIUSEPPE MARRAZZO;VIA GIUSEPPE MARRAZZO;;;Scontro laterale fra veicoli in marcia;Incrocio;Una carreggiata a senso unico di marcia;Asciutto;Asfaltata;Verticale ed orizzontale;Sereno;Normale;Buona;Ore Diurne;2;0;0;0;12.60693;41.85049;-1;2;Motociclo a solo;In marcia / fermata / arresto;Conducente;M;Rimandato;0;NON DECEDUTO;Non accertato;
3179392;11;15/02/2017 18:50;Strada Urbana;VIA LAURENTINA;in corrispondenza;;del civico n.;460;;Tamponamento;Rettilineo;Due carreggiate;Asciutto;Asfaltata;Verticale ed orizzontale;Sereno;Normale;Buona;Sufficiente;0;0;0;2;12.48046;41.83184;-1;1;Autovettura privata;In marcia / fermata / arresto;Conducente;F;Illeso;0;;;
3179392;11;15/02/2017 18:50;Strada Urbana;VIA LAURENTINA;in corrispondenza;;del civico n.;460;;Tamponamento;Rettilineo;Due carreggiate;Asciutto;Asfaltata;Verticale ed orizzontale;Sereno;Normale;Buona;Sufficiente;0;0;0;2;12.48046;41.83184;-1;2;Autovettura privata;In marcia / fermata / arresto;Conducente;M;Illeso;0;;;
3179409;5;15/02/2017 10:25;Strada Urbana;VIA MATTEO CIVITALI;da specificare;;;;poco oltre civico 8;Veicolo in marcia contro veicolo in sosta;Rettilineo;Una carreggiata a doppio senso;Asciutto;Asfaltata;Verticale;Sereno;Scarso;Buona;Ore Diurne;0;0;0;2;12.60506;41.92134;-1;1;Autovettura privata;In marcia / fermata / arresto;Conducente;F;Illeso;0;;Non accertato;Inesploso
3179409;5;15/02/2017 10:25;Strada Urbana;VIA MATTEO CIVITALI;da specificare;;;;poco oltre civico 8;Veicolo in marcia contro veicolo in sosta;Rettilineo;Una carreggiata a doppio senso;Asciutto;Asfaltata;Verticale;Sereno;Scarso;Buona;Ore Diurne;0;0;0;2;12.60506;41.92134;-1;1;Autovettura privata;In marcia / fermata / arresto;Passeggero;F;Illeso;0;;Non accertato;Inesploso
3179412;17;15/02/2017 13:15;Strada Urbana;VIALE DEGLI AMMIRAGLI;in corrispondenza;;del civico n.;14;;Scontro frontale/laterale DX fra veicoli in marcia;Rettilineo;Due carreggiate;Asciutto;Asfaltata;Verticale ed orizzontale;Sereno;Normale;Buona;Ore Diurne;0;0;0;1;12.44569;41.90476;-1;1;Autovettura privata;In marcia / fermata / arresto;Conducente;F;Illeso;0;;Non accertato;Inesploso