Protocollo;Gruppo;DataOraIncidente;Localizzazione1;STRADA1;Localizzazione2;STRADA2;Strada02;Chilometrica;DaSpecificare;NaturaIncidente;particolaritastrade;TipoStrada;FondoStradale;Pavimentazione;Segnaletica;CondizioneAtmosferica;Traffico;Visibilita;Illuminazione;NUM_FERITI;NUM_RISERVATA;NUM_MORTI;NUM_ILLESI;Longitudine;Latitudine;Confermato;Progressivo;TipoVeicolo;StatoVeicolo;TipoPersona;Sesso;Tipolesione;Deceduto;DecedutoDopo;CinturaCascoUtilizzato;Airbag
3184640;7;19/02/2017 18:30;Strada Urbana;VIA CASILINA;all'intersezione semaforizzata con;VIALE PALMIRO TOGLIATTI;VIALE PALMIRO TOGLIATTI;;;Scontro laterale fra veicoli in marcia;Incrocio;Due carreggiate;Asciutto;Asfaltata;Verticale ed orizzontale;Sereno;Intenso;Sufficiente;Sufficiente;0;0;0;4;12.57016;41.87403;-1;1;Autovettura privata;In marcia / fermata / arresto;Passeggero;F;Illeso;0;;Non accertato;Inesploso
3184640;7;19/02/2017 18:30;Strada Urbana;VIA CASILINA;all'intersezione semaforizzata con;VIALE PALMIRO TOGLIATTI;VIALE PALMIRO TOGLIATTI;;;Scontro laterale fra veicoli in marcia;Incrocio;Due carreggiate;Asciutto;Asfaltata;Verticale ed orizzontale;Sereno;Intenso;Sufficiente;Sufficiente;0;0;0;4;12.57016;41.87403;-1;1;Autovettura privata;In marcia / fermata / arresto;Passeggero;M;Illeso;0;;Non accertato;Inesploso
3184640;7;19/02/2017 18:30;Strada Urbana;VIA CASILINA;all'intersezione semaforizzata con;VIALE PALMIRO TOGLIATTI;VIALE PALMIRO TOGLIATTI;;;Scontro laterale fra veicoli in marcia;Incrocio;Due carreggiate;Asciutto;Asfaltata;Verticale ed orizzontale;Sereno;Intenso;Sufficiente;Sufficiente;0;0;0;4;12.57016;41.87403;-1;2;Autobus urbano;In marcia / fermata / arresto;Conducente;M;Illeso;0;;;
3184661;15;19/02/2017 13:30;Strada Urbana;PIAZZA AUGUSTO RIGHI;all'intersezione semaforizzata con;PONTE GUGLIELMO MARCONI;PONTE GUGLIELMO MARCONI;;;Scontro frontale/laterale DX fra veicoli in marcia;Intersezione semaforizzata;Una carreggiata a doppio senso;Asciutto;Asfaltata;Verticale ed orizzontale;Sereno;Normale;Buona;Ore Diurne;0;0;0;7;12.47005;41.86177;-1;1;Autovettura privata;In marcia / fermata / arresto;Conducente;M;Illeso;0;;Utilizzato;Inesploso
3184661;15;19/02/2017 13:30;Strada Urbana;PIAZZA AUGUSTO RIGHI;all'intersezione semaforizzata con;PONTE GUGLIELMO MARCONI;PONTE GUGLIELMO MARCONI;;;Scontro frontale/laterale DX fra veicoli in marcia;Intersezione semaforizzata;Una carreggiata a doppio senso;Asciutto;Asfaltata;Verticale ed orizzontale;Sereno;Normale;Buona;Ore Diurne;0;0;0;7;12.47005;41.86177;-1;1;Autovettura privata;In marcia / fermata / arresto;Passeggero;F;Illeso;0;;Utilizzato;Inesploso
3184661;15;19/02/2017 13:30;Strada Urbana;PIAZZA AUGUSTO RIGHI;all'intersezione semaforizzata con;PONTE GUGLIELMO MARCONI;PONTE GUGLIELMO MARCONI;;;Scontro frontale/laterale DX fra veicoli in marcia;Intersezione semaforizzata;Una carreggiata a doppio senso;Asciutto;Asfaltata;Verticale ed orizzontale;Sereno;Normale;Buona;Ore Diurne;0;0;0;7;12.47005;41.86177;-1;1;Autovettura privata;In marcia / fermata / arresto;Passeggero;M;Illeso;0;;Utilizzato;Inesploso
3184661;15;19/02/2017 13:30;Strada Urbana;PIAZZA AUGUSTO RIGHI;all'intersezione semaforizzata con;PONTE GUGLIELMO MARCONI;PONTE GUGLIELMO MARCONI;;;Scontro frontale/laterale DX fra veicoli in marcia;Intersezione semaforizzata;Una carreggiata a doppio senso;Asciutto;Asfaltata;Verticale ed orizzontale;Sereno;Normale;Buona;Ore Diurne;0;0;0;7;12.47005;41.86177;-1;2;Autovettura privata;In marcia / fermata / arresto;Conducente;F;Illeso;0;;;Inesploso
3184661;15;19/02/2017 13:30;Strada Urbana;PIAZZA AUGUSTO RIGHI;all'intersezione semaforizzata con;PONTE GUGLIELMO MARCONI;PONTE GUGLIELMO MARCONI;;;Scontro frontale/laterale DX fra veicoli in marcia;Intersezione semaforizzata;Una carreggiata a doppio senso;Asciutto;Asfaltata;Verticale ed orizzontale;Sereno;Normale;Buona;Ore Diurne;0;0;0;7;12.47005;41.86177;-1;2;Autovettura privata;In marcia / fermata / arresto;Passeggero;F;Illeso;0;;Utilizzato;Inesploso
3184661;15;19/02/2017 13:30;Strada Urbana;PIAZZA AUGUSTO RIGHI;all'intersezione semaforizzata con;PONTE GUGLIELMO MARCONI;PONTE GUGLIELMO MARCONI;;;Scontro frontale/laterale DX fra veicoli in marcia;Intersezione semaforizzata;Una carreggiata a doppio senso;Asciutto;Asfaltata;Verticale ed orizzontale;Sereno;Normale;Buona;Ore Diurne;0;0;0;7;12.47005;41.86177;-1;2;Autovettura privata;In marcia / fermata / arresto;Passeggero;F;Illeso;0;;Utilizzato;Inesploso
3184661;15;19/02/2017 13:30;Strada Urbana;PIAZZA AUGUSTO RIGHI;all'intersezione semaforizzata con;PONTE GUGLIELMO MARCONI;PONTE GUGLIELMO MARCONI;;;Scontro frontale/laterale DX fra veicoli in marcia;Intersezione semaforizzata;Una carreggiata a doppio senso;Asciutto;Asfaltata;Verticale ed orizzontale;Sereno;Normale;Buona;Ore Diurne;0;0;0;7;12.47005;41.86177;-1;2;Autovettura privata;In marcia / fermata / arresto;Passeggero;M;Illeso;0;;Utilizzato;Inesploso
3184677;13;18/02/2017 07:40;Strada Urbana;VIA DELLA SALVIA;all'intersezione con;VIA DELLA VERBENA;VIA DELLA VERBENA;;;Scontro frontale/laterale SX fra veicoli in marcia;Intersezione stradale segnalata;Una carreggiata a senso unico di marcia;Bagnato (pioggia);Strada pavimentata dissestata;Assente;Pioggia in atto;Normale;Buona;Ore Diurne;1;0;0;3;12.36454;41.78636;-1;1;Autobus di linea;In marcia / fermata / arresto;Conducente;M;Illeso;0;;Non accertato;Inesploso
3184677;13;18/02/2017 07:40;Strada Urbana;VIA DELLA SALVIA;all'intersezione con;VIA DELLA VERBENA;VIA DELLA VERBENA;;;Scontro frontale/laterale SX fra veicoli in marcia;Intersezione stradale segnalata;Una carreggiata a senso unico di marcia;Bagnato (pioggia);Strada pavimentata dissestata;Assente;Pioggia in atto;Normale;Buona;Ore Diurne;1;0;0;3;12.36454;41.78636;-1;2;Autovettura privata;In marcia / fermata / arresto;Conducente;M;Rimandato;0;NON DECEDUTO;Non accertato;Inesploso
3184677;13;18/02/2017 07:40;Strada Urbana;VIA DELLA SALVIA;all'intersezione con;VIA DELLA VERBENA;VIA DELLA VERBENA;;;Scontro frontale/laterale SX fra veicoli in marcia;Intersezione stradale segnalata;Una carreggiata a senso unico di marcia;Bagnato (pioggia);Strada pavimentata dissestata;Assente;Pioggia in atto;Normale;Buona;Ore Diurne;1;0;0;3;12.36454;41.78636;-1;2;Autovettura privata;In marcia / fermata / arresto;Passeggero;M;Illeso;0;;Non accertato;Inesploso
3184677;13;18/02/2017 07:40;Strada Urbana;VIA DELLA SALVIA;all'intersezione con;VIA DELLA VERBENA;VIA DELLA VERBENA;;;Scontro frontale/laterale SX fra veicoli in marcia;Intersezione stradale segnalata;Una carreggiata a senso unico di marcia;Bagnato (pioggia);Strada pavimentata dissestata;Assente;Pioggia in atto;Normale;Buona;Ore Diurne;1;0;0;3;12.36454;41.78636;-1;2;Autovettura privata;In marcia / fermata / arresto;Passeggero;M;Illeso;0;;Non accertato;Inesploso
3184688;10;19/02/2017 17:30;Strada Urbana;VIA TUSCOLANA;in prossimità;;del civico n.;825;;Veicolo in marcia contro veicoli in sosta;Rettilineo;Due carreggiate;Asciutto;Asfaltata;Verticale ed orizzontale;Sereno;Normale;Buona;Ore Diurne;0;0;0;1;12.55866;41.85896;-1;6;Autocarro superiore 35 q.;In marcia / fermata / arresto;Conducente;M;Illeso;0;;Non accertato;Inesploso
3184704;13;18/02/2017 10:15;Strada Urbana;VIALE DEI ROMAGNOLI;in prossimità;;del civico n.;1167;;Scontro laterale fra veicoli in marcia;Rettilineo;Una carreggiata a doppio senso;Asciutto;Asfaltata;Verticale ed orizzontale;Sereno;Normale;Buona;Ore Diurne;0;0;0;3;12.31798;41.76737;-1;1;Autovettura privata;In marcia / fermata / arresto;Conducente;F;Illeso;0;;Non accertato;Inesploso
3184704;13;18/02/2017 10:15;Strada Urbana;VIALE DEI ROMAGNOLI;in prossimità;;del civico n.;1167;;Scontro laterale fra veicoli in marcia;Rettilineo;Una carreggiata a doppio senso;Asciutto;Asfaltata;Verticale ed orizzontale;Sereno;Normale;Buona;Ore Diurne;0;0;0;3;12.31798;41.76737;-1;1;Autovettura privata;In marcia / fermata / arresto;Passeggero;F;Illeso;0;;Non accertato;Inesploso
3184704;13;18/02/2017 10:15;Strada Urbana;VIALE DEI ROMAGNOLI;in prossimità;;del civico n.;1167;;Scontro laterale fra veicoli in marcia;Rettilineo;Una carreggiata a doppio senso;Asciutto;Asfaltata;Verticale ed orizzontale;Sereno;Normale;Buona;Ore Diurne;0;0;0;3;12.31798;41.76737;-1;2;Autovettura privata;In marcia / fermata / arresto;Conducente;F;Illeso;0;;Non accertato;Inesploso
3184726;8;19/02/2017 17:30;Strada Urbana;VIA CATERINA USAI;all'intersezione con;VIA RAOUL FOLLEREAU;VIA RAOUL FOLLEREAU;;;Scontro laterale fra veicoli in marcia;Incrocio;Una carreggiata a doppio senso;Asciutto;Sterrata;Verticale ed orizzontale;Sereno;Normale;Sufficiente;Ore Diurne;1;0;0;1;12.6752;41.89555;-1;1;Autovettura privata;In marcia / fermata / arresto;Conducente;F;Rifiuta cure immediate;0;NON DECEDUTO;;
3184726;8;19/02/2017 17:30;Strada Urbana;VIA CATERINA USAI;all'intersezione con;VIA RAOUL FOLLEREAU;VIA RAOUL FOLLEREAU;;;Scontro laterale fra veicoli in marcia;Incrocio;Una carreggiata a doppio senso;Asciutto;Sterrata;Verticale ed orizzontale;Sereno;Normale;Sufficiente;Ore Diurne;1;0;0;1;12.6752;41.89555;-1;2;Autovettura privata;In marcia / fermata / arresto;Conducente;F;Illeso;0;;;
3184729;13;18/02/2017 15:50;Statale;VIA OSTIENSE;da specificare;;;;pross. via Albi;Scontro frontale/laterale DX fra veicoli in marcia;Rettilineo;Una carreggiata a doppio senso;Asciutto;Asfaltata;Verticale ed orizzontale;Sereno;Normale;Buona;Ore Diurne;1;0;0;2;12.42161;41.80982;-1;1;Autovettura privata;In marcia / fermata / arresto;Conducente;M;Rimandato;0;NON DECEDUTO;Non accertato;Esploso
3184729;13;18/02/2017 15:50;Statale;VIA OSTIENSE;da specificare;;;;pross. via Albi;Scontro frontale/laterale DX fra veicoli in marcia;Rettilineo;Una carreggiata a doppio senso;Asciutto;Asfaltata;Verticale ed orizzontale;Sereno;Normale;Buona;Ore Diurne;1;0;0;2;12.42161;41.80982;-1;1;Autovettura privata;In marcia / fermata / arresto;Passeggero;M;Illeso;0;;Non accertato;Esploso
3184729;13;18/02/2017 15:50;Statale;VIA OSTIENSE;da specificare;;;;pross. via Albi;Scontro frontale/laterale DX fra veicoli in marcia;Rettilineo;Una carreggiata a doppio senso;Asciutto;Asfaltata;Verticale ed orizzontale;Sereno;Normale;Buona;Ore Diurne;1;0;0;2;12.42161;41.80982;-1;2;Autovettura privata;In marcia / fermata / arresto;Conducente;F;Illeso;0;;Non accertato;Inesploso
3184732;8;19/02/2017 12:00;Strada Urbana;VIA CASILINA;in prossimità;;del civico n.;1822;;Scontro frontale/laterale DX fra veicoli in marcia;Rettilineo;Una carreggiata a doppio senso;Asciutto;Asfaltata;Verticale ed orizzontale;Sereno;Normale;Buona;Ore Diurne;1;0;0;1;12.68324;41.86261;-1;1;Autovettura privata;In marcia / fermata / arresto;Conducente;M;Illeso;0;;Non accertato;Inesploso
3184732;8;19/02/2017 12:00;Strada Urbana;VIA CASILINA;in prossimità;;del civico n.;1822;;Scontro frontale/laterale DX fra veicoli in marcia;Rettilineo;Una carreggiata a doppio senso;Asciutto;Asfaltata;Verticale ed orizzontale;Sereno;Normale;Buona;Ore Diurne;1;0;0;1;12.68324;41.86261;-1;1;Autovettura privata;In marcia / fermata / arresto;Passeggero;F;Rifiuta cure immediate;0;NON DECEDUTO;Non accertato;Inesploso
3184737;17;18/02/2017 04:50;Strada Urbana;VIA FILIPPO CORRIDONI;in prossimità;;del civico n.;14;;Veicolo in marcia contro veicoli in sosta;Rettilineo;Due carreggiate;Bagnato (pioggia);Asfaltata;Verticale ed orizzontale;Pioggia in atto;Scarso;Buona;Sufficiente;1;0;0;0;12.46071;41.92091;-1;1;Autovettura privata;In marcia / fermata / arresto;Conducente;M;Rimandato;0;NON DECEDUTO;;
3184738;8;19/02/2017 17:30;Strada Urbana;VIA DEI RUDERI DI TORRENOVA;all'intersezione con;VIA CASILINA;VIA CASILINA;;;Veicolo in marcia contro veicolo fermo;Incrocio;Una carreggiata a doppio senso;Asciutto;Asfaltata;Verticale ed orizzontale;Sereno;Normale;Buona;Ore Diurne;0;0;0;3;12.61958;41.86382;-1;1;Autovettura privata;In marcia / fermata / arresto;Conducente;M;Illeso;0;;Non accertato;Inesploso
3184738;8;19/02/2017 17:30;Strada Urbana;VIA DEI RUDERI DI TORRENOVA;all'intersezione con;VIA CASILINA;VIA CASILINA;;;Veicolo in marcia contro veicolo fermo;Incrocio;Una carreggiata a doppio senso;Asciutto;Asfaltata;Verticale ed orizzontale;Sereno;Normale;Buona;Ore Diurne;0;0;0;3;12.61958;41.86382;-1;1;Autovettura privata;In marcia / fermata / arresto;Passeggero;F;Illeso;0;;Non accertato;Inesploso
3184738;8;19/02/2017 17:30;Strada Urbana;VIA DEI RUDERI DI TORRENOVA;all'intersezione con;VIA CASILINA;VIA CASILINA;;;Veicolo in marcia contro veicolo fermo;Incrocio;Una carreggiata a doppio senso;Asciutto;Asfaltata;Verticale ed orizzontale;Sereno;Normale;Buona;Ore Diurne;0;0;0;3;12.61958;41.86382;-1;2;Autoarticolato;In marcia / fermata / arresto;Conducente;M;Illeso;0;;Non accertato;Inesploso
3184744;8;19/02/2017 15:30;Strada Urbana;VIALE DELLA SORBONA;da specificare;;;;in prox di Via Carcaricola;Scontro laterale fra veicoli in marcia;Curva a visuale libera;Due carreggiate;Asciutto;Asfaltata;Verticale ed orizzontale;Sereno;Normale;Buona;Ore Diurne;0;0;0;6;12.612;41.8546;-1;1;Autovettura privata;In marcia / fermata / arresto;Conducente;M;Illeso;0;;;
3184744;8;19/02/2017 15:30;Strada Urbana;VIALE DELLA SORBONA;da specificare;;;;in prox di Via Carcaricola;Scontro laterale fra veicoli in marcia;Curva a visuale libera;Due carreggiate;Asciutto;Asfaltata;Verticale ed orizzontale;Sereno;Normale;Buona;Ore Diurne;0;0;0;6;12.612;41.8546;-1;1;Autovettura privata;In marcia / fermata / arresto;Passeggero;M;Illeso;0;;;
3184744;8;19/02/2017 15:30;Strada Urbana;VIALE DELLA SORBONA;da specificare;;;;in prox di Via Carcaricola;Scontro laterale fra veicoli in marcia;Curva a visuale libera;Due carreggiate;Asciutto;Asfaltata;Verticale ed orizzontale;Sereno;Normale;Buona;Ore Diurne;0;0;0;6;12.612;41.8546;-1;1;Autovettura privata;In marcia / fermata / arresto;Passeggero;F;Illeso;0;;;
3184744;8;19/02/2017 15:30;Strada Urbana;VIALE DELLA SORBONA;da specificare;;;;in prox di Via Carcaricola;Scontro laterale fra veicoli in marcia;Curva a visuale libera;Due carreggiate;Asciutto;Asfaltata;Verticale ed orizzontale;Sereno;Normale;Buona;Ore Diurne;0;0;0;6;12.612;41.8546;-1;1;Autovettura privata;In marcia / fermata / arresto;Passeggero;F;Illeso;0;;;
3184744;8;19/02/2017 15:30;Strada Urbana;VIALE DELLA SORBONA;da specificare;;;;in prox di Via Carcaricola;Scontro laterale fra veicoli in marcia;Curva a visuale libera;Due carreggiate;Asciutto;Asfaltata;Verticale ed orizzontale;Sereno;Normale;Buona;Ore Diurne;0;0;0;6;12.612;41.8546;-1;2;Autovettura privata;In marcia / fermata / arresto;Conducente;M;Illeso;0;;;
3184744;8;19/02/2017 15:30;Strada Urbana;VIALE DELLA SORBONA;da specificare;;;;in prox di Via Carcaricola;Scontro laterale fra veicoli in marcia;Curva a visuale libera;Due carreggiate;Asciutto;Asfaltata;Verticale ed orizzontale;Sereno;Normale;Buona;Ore Diurne;0;0;0;6;12.612;41.8546;-1;2;Autovettura privata;In marcia / fermata / arresto;Passeggero;M;Illeso;0;;;
3184749;8;19/02/2017 12:10;Strada Urbana;VIA POLENSE;all'intersezione con;VIA ZAGAROLESE;VIA ZAGAROLESE;;;Tamponamento Multiplo;Incrocio;Una carreggiata a doppio senso;Asciutto;Asfaltata;Verticale ed orizzontale;Sereno;Normale;Buona;Ore Diurne;2;0;0;6;12.70311;41.8955;-1;1;Autovettura privata;In marcia / fermata / arresto;Conducente;M;Illeso;0;;Non accertato;Inesploso
3184749;8;19/02/2017 12:10;Strada Urbana;VIA POLENSE;all'intersezione con;VIA ZAGAROLESE;VIA ZAGAROLESE;;;Tamponamento Multiplo;Incrocio;Una carreggiata a doppio senso;Asciutto;Asfaltata;Verticale ed orizzontale;Sereno;Normale;Buona;Ore Diurne;2;0;0;6;12.70311;41.8955;-1;1;Autovettura privata;In marcia / fermata / arresto;Passeggero;F;Illeso;0;;Non accertato;Inesploso
3184749;8;19/02/2017 12:10;Strada Urbana;VIA POLENSE;all'intersezione con;VIA ZAGAROLESE;VIA ZAGAROLESE;;;Tamponamento Multiplo;Incrocio;Una carreggiata a doppio senso;Asciutto;Asfaltata;Verticale ed orizzontale;Sereno;Normale;Buona;Ore Diurne;2;0;0;6;12.70311;41.8955;-1;1;Autovettura privata;In marcia / fermata / arresto;Passeggero;F;Illeso;0;;Non accertato;Inesploso
3184749;8;19/02/2017 12:10;Strada Urbana;VIA POLENSE;all'intersezione con;VIA ZAGAROLESE;VIA ZAGAROLESE;;;Tamponamento Multiplo;Incrocio;Una carreggiata a doppio senso;Asciutto;Asfaltata;Verticale ed orizzontale;Sereno;Normale;Buona;Ore Diurne;2;0;0;6;12.70311;41.8955;-1;1;Autovettura privata;In marcia / fermata / arresto;Passeggero;F;Illeso;0;;Non accertato;Inesploso
3184749;8;19/02/2017 12:10;Strada Urbana;VIA POLENSE;all'intersezione con;VIA ZAGAROLESE;VIA ZAGAROLESE;;;Tamponamento Multiplo;Incrocio;Una carreggiata a doppio senso;Asciutto;Asfaltata;Verticale ed orizzontale;Sereno;Normale;Buona;Ore Diurne;2;0;0;6;12.70311;41.8955;-1;1;Autovettura privata;In marcia / fermata / arresto;Passeggero;M;Illeso;0;;Non accertato;Inesploso
3184749;8;19/02/2017 12:10;Strada Urbana;VIA POLENSE;all'intersezione con;VIA ZAGAROLESE;VIA ZAGAROLESE;;;Tamponamento Multiplo;Incrocio;Una carreggiata a doppio senso;Asciutto;Asfaltata;Verticale ed orizzontale;Sereno;Normale;Buona;Ore Diurne;2;0;0;6;12.70311;41.8955;-1;2;Autovettura privata;In marcia / fermata / arresto;Conducente;F;Illeso;0;;Non accertato;Inesploso
3184749;8;19/02/2017 12:10;Strada Urbana;VIA POLENSE;all'intersezione con;VIA ZAGAROLESE;VIA ZAGAROLESE;;;Tamponamento Multiplo;Incrocio;Una carreggiata a doppio senso;Asciutto;Asfaltata;Verticale ed orizzontale;Sereno;Normale;Buona;Ore Diurne;2;0;0;6;12.70311;41.8955;-1;2;Autovettura privata;In marcia / fermata / arresto;Passeggero;M;Rifiuta cure immediate;0;NON DECEDUTO;Non accertato;Inesploso
3184749;8;19/02/2017 12:10;Strada Urbana;VIA POLENSE;all'intersezione con;VIA ZAGAROLESE;VIA ZAGAROLESE;;;Tamponamento Multiplo;Incrocio;Una carreggiata a doppio senso;Asciutto;Asfaltata;Verticale ed orizzontale;Sereno;Normale;Buona;Ore Diurne;2;0;0;6;12.70311;41.8955;-1;3;Autocarro inferiore 35 q.;In marcia / fermata / arresto;Conducente;M;Rifiuta cure immediate;0;NON DECEDUTO;Non accertato;Inesploso
3184755;7;19/02/2017 22:50;Strada Urbana;PIAZZA CESARE CANTU';all'intersezione con;VIA APPIA NUOVA;VIA APPIA NUOVA;;;Scontro frontale/laterale SX fra veicoli in marcia;Incrocio;Una carreggiata a senso unico di marcia;Asciutto;Asfaltata;Verticale ed orizzontale;Sereno;Normale;Buona;Sufficiente;1;0;0;1;12.52749;41.87119;-1;1;Motociclo a solo;In marcia / fermata / arresto;Conducente;M;Rimandato;0;NON DECEDUTO;Non accertato;
3184755;7;19/02/2017 22:50;Strada Urbana;PIAZZA CESARE CANTU';all'intersezione con;VIA APPIA NUOVA;VIA APPIA NUOVA;;;Scontro frontale/laterale SX fra veicoli in marcia;Incrocio;Una carreggiata a senso unico di marcia;Asciutto;Asfaltata;Verticale ed orizzontale;Sereno;Normale;Buona;Sufficiente;1;0;0;1;12.52749;41.87119;-1;2;Autovettura privata;In marcia / fermata / arresto;Conducente;M;Illeso;0;;Non accertato;Inesploso
3184756;19;17/02/2017 08:30;Strada Urbana;CIRCONVALLAZIONE CORNELIA;da specificare;;;;pross. Via Bolognini;Infortunio per caduta del veicolo;Rettilineo;Una carreggiata a doppio senso;Asciutto;Asfaltata;Verticale ed orizzontale;Sereno;Normale;Buona;Ore Diurne;2;0;0;1;12.42587;41.90196;-1;1;Autobus di linea;In marcia / fermata / arresto;Conducente;F;Illeso;0;;;
3184756;19;17/02/2017 08:30;Strada Urbana;CIRCONVALLAZIONE CORNELIA;da specificare;;;;pross. Via Bolognini;Infortunio per caduta del veicolo;Rettilineo;Una carreggiata a doppio senso;Asciutto;Asfaltata;Verticale ed orizzontale;Sereno;Normale;Buona;Ore Diurne;2;0;0;1;12.42587;41.90196;-1;1;Autobus di linea;In marcia / fermata / arresto;Passeggero;F;Rimandato;0;NON DECEDUTO;;
3184756;19;17/02/2017 08:30;Strada Urbana;CIRCONVALLAZIONE CORNELIA;da specificare;;;;pross. Via Bolognini;Infortunio per caduta del veicolo;Rettilineo;Una carreggiata a doppio senso;Asciutto;Asfaltata;Verticale ed orizzontale;Sereno;Normale;Buona;Ore Diurne;2;0;0;1;12.42587;41.90196;-1;1;Autobus di linea;In marcia / fermata / arresto;Passeggero;M;Rimandato;0;NON DECEDUTO;;
3184761;17;18/02/2017 12:30;Strada Urbana;LUNGOTEVERE DELLE ARMI;da specificare;;;;di p.zza Monte Grappa;Veicolo in marcia contro ostacolo accidentale;Rettilineo;Una carreggiata a senso unico di marcia;Asciutto;Asfaltata;Verticale ed orizzontale;Sereno;Normale;Buona;Ore Diurne;0;0;0;1;12.46976;41.91862;-1;1;Autovettura privata;In marcia / fermata / arresto;Conducente;M;Illeso;0;;Non accertato;Inesploso
3184763;20;19/02/2017 15:00;Strada Urbana;VIA DEL FORO ITALICO;da specificare;;;;direzione Galleria Giovanni XXIII alt. galleria;Tamponamento Multiplo;Curva a visuale libera;Due carreggiate;Asciutto;Asfaltata;Verticale ed orizzontale;Sereno;Normale;Buona;Ore Diurne;0;0;0;6;12.48375;41.93991;-1;1;Autovettura privata;In marcia / fermata / arresto;Conducente;M;Illeso;0;;Non accertato;
3184763;20;19/02/2017 15:00;Strada Urbana;VIA DEL FORO ITALICO;da specificare;;;;direzione Galleria Giovanni XXIII alt. galleria;Tamponamento Multiplo;Curva a visuale libera;Due carreggiate;Asciutto;Asfaltata;Verticale ed orizzontale;Sereno;Normale;Buona;Ore Diurne;0;0;0;6;12.48375;41.93991;-1;2;Autovettura privata;In marcia / fermata / arresto;Conducente;F;Illeso;0;;Non accertato;Inesploso
3184763;20;19/02/2017 15:00;Strada Urbana;VIA DEL FORO ITALICO;da specificare;;;;direzione Galleria Giovanni XXIII alt. galleria;Tamponamento Multiplo;Curva a visuale libera;Due carreggiate;Asciutto;Asfaltata;Verticale ed orizzontale;Sereno;Normale;Buona;Ore Diurne;0;0;0;6;12.48375;41.93991;-1;3;Autovettura privata;In marcia / fermata / arresto;Conducente;F;Illeso;0;;Utilizzato;Inesploso
3184763;20;19/02/2017 15:00;Strada Urbana;VIA DEL FORO ITALICO;da specificare;;;;direzione Galleria Giovanni XXIII alt. galleria;Tamponamento Multiplo;Curva a visuale libera;Due carreggiate;Asciutto;Asfaltata;Verticale ed orizzontale;Sereno;Normale;Buona;Ore Diurne;0;0;0;6;12.48375;41.93991;-1;3;Autovettura privata;In marcia / fermata / arresto;Passeggero;M;Illeso;0;;Utilizzato;Inesploso
3184763;20;19/02/2017 15:00;Strada Urbana;VIA DEL FORO ITALICO;da specificare;;;;direzione Galleria Giovanni XXIII alt. galleria;Tamponamento Multiplo;Curva a visuale libera;Due carreggiate;Asciutto;Asfaltata;Verticale ed orizzontale;Sereno;Normale;Buona;Ore Diurne;0;0;0;6;12.48375;41.93991;-1;3;Autovettura privata;In marcia / fermata / arresto;Passeggero;F;Illeso;0;;Utilizzato;Inesploso
3184763;20;19/02/2017 15:00;Strada Urbana;VIA DEL FORO ITALICO;da specificare;;;;direzione Galleria Giovanni XXIII alt. galleria;Tamponamento Multiplo;Curva a visuale libera;Due carreggiate;Asciutto;Asfaltata;Verticale ed orizzontale;Sereno;Normale;Buona;Ore Diurne;0;0;0;6;12.48375;41.93991;-1;3;Autovettura privata;In marcia / fermata / arresto;Passeggero;F;Illeso;0;;Utilizzato;Inesploso
3184765;13;18/02/2017 17:00;Strada Urbana;VIA DELLE CANARIE;in prossimità;;del civico n.;63;;Scontro laterale fra veicoli in marcia;Rettilineo;Una carreggiata a doppio senso;Asciutto;Asfaltata;Orizzontale;Sereno;Normale;Buona;Ore Diurne;0;0;0;3;12.28081;41.73959;-1;1;Autovettura privata;In marcia / fermata / arresto;Conducente;F;Illeso;0;;Non accertato;Inesploso
3184765;13;18/02/2017 17:00;Strada Urbana;VIA DELLE CANARIE;in prossimità;;del civico n.;63;;Scontro laterale fra veicoli in marcia;Rettilineo;Una carreggiata a doppio senso;Asciutto;Asfaltata;Orizzontale;Sereno;Normale;Buona;Ore Diurne;0;0;0;3;12.28081;41.73959;-1;1;Autovettura privata;In marcia / fermata / arresto;Passeggero;F;Illeso;0;;Non accertato;Inesploso
3184765;13;18/02/2017 17:00;Strada Urbana;VIA DELLE CANARIE;in prossimità;;del civico n.;63;;Scontro laterale fra veicoli in marcia;Rettilineo;Una carreggiata a doppio senso;Asciutto;Asfaltata;Orizzontale;Sereno;Normale;Buona;Ore Diurne;0;0;0;3;12.28081;41.73959;-1;2;Autovettura privata;In marcia / fermata / arresto;Conducente;M;Illeso;0;;Non accertato;Inesistente
3184771;20;19/02/2017 18:45;Strada Urbana;CORSO DI FRANCIA;all'intersezione con;VIA RONCIGLIONE;VIA RONCIGLIONE;;;Scontro laterale fra veicoli in marcia;Incrocio;Due carreggiate;Asciutto;Asfaltata;Orizzontale;Sereno;Normale;Buona;Sufficiente;0;0;0;3;12.46994;41.943;-1;1;Autovettura privata;In marcia / fermata / arresto;Conducente;M;Illeso;0;;Non accertato;Inesploso
3184771;20;19/02/2017 18:45;Strada Urbana;CORSO DI FRANCIA;all'intersezione con;VIA RONCIGLIONE;VIA RONCIGLIONE;;;Scontro laterale fra veicoli in marcia;Incrocio;Due carreggiate;Asciutto;Asfaltata;Orizzontale;Sereno;Normale;Buona;Sufficiente;0;0;0;3;12.46994;41.943;-1;1;Autovettura privata;In marcia / fermata / arresto;Passeggero;M;Illeso;0;;;
3184771;20;19/02/2017 18:45;Strada Urbana;CORSO DI FRANCIA;all'intersezione con;VIA RONCIGLIONE;VIA RONCIGLIONE;;;Scontro laterale fra veicoli in marcia;Incrocio;Due carreggiate;Asciutto;Asfaltata;Orizzontale;Sereno;Normale;Buona;Sufficiente;0;0;0;3;12.46994;41.943;-1;2;Autovettura privata;In marcia / fermata / arresto;Conducente;F;Illeso;0;;;