Protocollo;Gruppo;DataOraIncidente;Localizzazione1;STRADA1;Localizzazione2;STRADA2;Strada02;Chilometrica;DaSpecificare;NaturaIncidente;particolaritastrade;TipoStrada;FondoStradale;Pavimentazione;Segnaletica;CondizioneAtmosferica;Traffico;Visibilita;Illuminazione;NUM_FERITI;NUM_RISERVATA;NUM_MORTI;NUM_ILLESI;Longitudine;Latitudine;Confermato;Progressivo;TipoVeicolo;StatoVeicolo;TipoPersona;Sesso;Tipolesione;Deceduto;DecedutoDopo;CinturaCascoUtilizzato;Airbag
3188016;5;21/02/2017 13:20;Strada Urbana;VIA TIBURTINA;da specificare;;;;prossimità Via  di Casal Bruciato;Scontro laterale fra veicoli in marcia;Rettilineo;Due carreggiate;Asciutto;Asfaltata;Verticale ed orizzontale;Sereno;Normale;Buona;Ore Diurne;0;0;0;2;12.54598;41.90875;-1;2;Autovettura privata;In marcia / fermata / arresto;Conducente;M;Illeso;0;;Non accertato;
3188026;5;21/02/2017 07:30;Strada Urbana;VIA DI GROTTA DI GREGNA;all'intersezione con;VIA DEL FLAUTO;VIA DEL FLAUTO;;;Infortunio per caduta del veicolo;Incrocio;Una carreggiata a doppio senso;Asciutto;Asfaltata;Verticale ed orizzontale;Sereno;Normale;Buona;Ore Diurne;1;0;0;0;12.56667;41.90341;-1;1;Motociclo a solo;In marcia / fermata / arresto;Conducente;M;Rimandato;0;NON DECEDUTO;Non accertato;
3188032;1;21/02/2017 18:10;Strada Urbana;VIA DEL PLEBISCITO;in prossimità;;del civico n.;118;;Investimento di pedone;Rettilineo;Una carreggiata a senso unico di marcia;Asciutto;Asfaltata;Orizzontale;Sereno;Normale;Buona;Sufficiente;0;0;0;2;12.48103;41.89642;-1;;;;Pedone;F;Illeso;0;;;
3188032;1;21/02/2017 18:10;Strada Urbana;VIA DEL PLEBISCITO;in prossimità;;del civico n.;118;;Investimento di pedone;Rettilineo;Una carreggiata a senso unico di marcia;Asciutto;Asfaltata;Orizzontale;Sereno;Normale;Buona;Sufficiente;0;0;0;2;12.48103;41.89642;-1;1;Autovettura privata;In marcia / fermata / arresto;Conducente;M;Illeso;0;;;Inesploso
3188034;5;21/02/2017 16:00;Strada Urbana;VIA DIEGO ANGELI;all'intersezione con;VIA GIUSEPPE DONATI;VIA GIUSEPPE DONATI;;;Scontro frontale/laterale DX fra veicoli in marcia;Incrocio;Una carreggiata a senso unico di marcia;Asciutto;Asfaltata;Verticale ed orizzontale;Sereno;Normale;Buona;Ore Diurne;2;0;0;1;12.55132;41.90752;-1;1;Autovettura privata;In marcia / fermata / arresto;Conducente;M;Rimandato;0;NON DECEDUTO;Non accertato;Inesploso
3188034;5;21/02/2017 16:00;Strada Urbana;VIA DIEGO ANGELI;all'intersezione con;VIA GIUSEPPE DONATI;VIA GIUSEPPE DONATI;;;Scontro frontale/laterale DX fra veicoli in marcia;Incrocio;Una carreggiata a senso unico di marcia;Asciutto;Asfaltata;Verticale ed orizzontale;Sereno;Normale;Buona;Ore Diurne;2;0;0;1;12.55132;41.90752;-1;1;Autovettura privata;In marcia / fermata / arresto;Passeggero;F;Rimandato;0;NON DECEDUTO;Non accertato;Inesploso
3188034;5;21/02/2017 16:00;Strada Urbana;VIA DIEGO ANGELI;all'intersezione con;VIA GIUSEPPE DONATI;VIA GIUSEPPE DONATI;;;Scontro frontale/laterale DX fra veicoli in marcia;Incrocio;Una carreggiata a senso unico di marcia;Asciutto;Asfaltata;Verticale ed orizzontale;Sereno;Normale;Buona;Ore Diurne;2;0;0;1;12.55132;41.90752;-1;2;Autocarro inferiore 35 q.;In marcia / fermata / arresto;Conducente;M;Illeso;0;;Non accertato;Inesploso
3188046;13;21/02/2017 08:00;Strada Urbana;VIA CARLO ALBIZZATI;all'intersezione con;VIA CALVIGNANO;VIA CALVIGNANO;;;Scontro frontale/laterale DX fra veicoli in marcia;Incrocio;Una carreggiata a senso unico di marcia;Asciutto;Asfaltata;Verticale ed orizzontale;Sereno;Normale;Buona;Ore Diurne;1;0;0;2;12.33104;41.78164;-1;1;Autovettura privata;In marcia / fermata / arresto;Conducente;F;Illeso;0;;Non accertato;Inesploso
3188046;13;21/02/2017 08:00;Strada Urbana;VIA CARLO ALBIZZATI;all'intersezione con;VIA CALVIGNANO;VIA CALVIGNANO;;;Scontro frontale/laterale DX fra veicoli in marcia;Incrocio;Una carreggiata a senso unico di marcia;Asciutto;Asfaltata;Verticale ed orizzontale;Sereno;Normale;Buona;Ore Diurne;1;0;0;2;12.33104;41.78164;-1;2;Autovettura privata;In marcia / fermata / arresto;Conducente;F;Illeso;0;;Non accertato;Inesploso
3188046;13;21/02/2017 08:00;Strada Urbana;VIA CARLO ALBIZZATI;all'intersezione con;VIA CALVIGNANO;VIA CALVIGNANO;;;Scontro frontale/laterale DX fra veicoli in marcia;Incrocio;Una carreggiata a senso unico di marcia;Asciutto;Asfaltata;Verticale ed orizzontale;Sereno;Normale;Buona;Ore Diurne;1;0;0;2;12.33104;41.78164;-1;2;Autovettura privata;In marcia / fermata / arresto;Passeggero;M;Rimandato;0;NON DECEDUTO;Non accertato;Inesploso
3188048;13;21/02/2017 08:20;Strada Urbana;VIA MARCELLO PUCCI BONCAMBI;all'intersezione con;VIA FRANCESCO GRENET;VIA FRANCESCO GRENET;;;Investimento di pedone;Incrocio;Una carreggiata a senso unico di marcia;Asciutto;Asfaltata;Verticale ed orizzontale;Sereno;Normale;Buona;Ore Diurne;0;0;0;2;12.26709;41.73614;-1;;;;Pedone;F;Illeso;0;;;
3188048;13;21/02/2017 08:20;Strada Urbana;VIA MARCELLO PUCCI BONCAMBI;all'intersezione con;VIA FRANCESCO GRENET;VIA FRANCESCO GRENET;;;Investimento di pedone;Incrocio;Una carreggiata a senso unico di marcia;Asciutto;Asfaltata;Verticale ed orizzontale;Sereno;Normale;Buona;Ore Diurne;0;0;0;2;12.26709;41.73614;-1;1;Autovettura privata;In marcia / fermata / arresto;Conducente;M;Illeso;0;;Non accertato;Inesploso
3188050;13;21/02/2017 10:15;Strada Urbana;VIA OSTIENSE;all'intersezione con;VIA DI PONTE LADRONE;VIA DI PONTE LADRONE;;;Scontro frontale/laterale DX fra veicoli in marcia;Incrocio;Una carreggiata a doppio senso;Asciutto;Asfaltata;Verticale ed orizzontale;Sereno;Normale;Buona;Ore Diurne;1;0;0;2;12.42161;41.80982;-1;1;Trattore stradale;In marcia / fermata / arresto;Conducente;M;Illeso;0;;Non accertato;Inesploso
3188050;13;21/02/2017 10:15;Strada Urbana;VIA OSTIENSE;all'intersezione con;VIA DI PONTE LADRONE;VIA DI PONTE LADRONE;;;Scontro frontale/laterale DX fra veicoli in marcia;Incrocio;Una carreggiata a doppio senso;Asciutto;Asfaltata;Verticale ed orizzontale;Sereno;Normale;Buona;Ore Diurne;1;0;0;2;12.42161;41.80982;-1;1;Trattore stradale;In marcia / fermata / arresto;Passeggero;M;Illeso;0;;Utilizzato;Inesploso
3188050;13;21/02/2017 10:15;Strada Urbana;VIA OSTIENSE;all'intersezione con;VIA DI PONTE LADRONE;VIA DI PONTE LADRONE;;;Scontro frontale/laterale DX fra veicoli in marcia;Incrocio;Una carreggiata a doppio senso;Asciutto;Asfaltata;Verticale ed orizzontale;Sereno;Normale;Buona;Ore Diurne;1;0;0;2;12.42161;41.80982;-1;2;Autovettura privata;In marcia / fermata / arresto;Conducente;F;Rimandato;0;NON DECEDUTO;Non accertato;Inesploso
3188052;13;21/02/2017 10:45;Strada Urbana;VIA DEL PONTE DI TOR BOACCIANA;all'intersezione con;VIA DI TOR BOACCIANA;VIA DI TOR BOACCIANA;;;Tamponamento;Incrocio;Una carreggiata a senso unico di marcia;Asciutto;Asfaltata;Verticale ed orizzontale;Sereno;Normale;Buona;Ore Diurne;0;0;0;3;12.27776;41.75266;-1;1;Autovettura privata;In marcia / fermata / arresto;Conducente;F;Illeso;0;;Non accertato;Inesploso
3188052;13;21/02/2017 10:45;Strada Urbana;VIA DEL PONTE DI TOR BOACCIANA;all'intersezione con;VIA DI TOR BOACCIANA;VIA DI TOR BOACCIANA;;;Tamponamento;Incrocio;Una carreggiata a senso unico di marcia;Asciutto;Asfaltata;Verticale ed orizzontale;Sereno;Normale;Buona;Ore Diurne;0;0;0;3;12.27776;41.75266;-1;1;Autovettura privata;In marcia / fermata / arresto;Passeggero;M;Illeso;0;;Non accertato;Inesploso
3188052;13;21/02/2017 10:45;Strada Urbana;VIA DEL PONTE DI TOR BOACCIANA;all'intersezione con;VIA DI TOR BOACCIANA;VIA DI TOR BOACCIANA;;;Tamponamento;Incrocio;Una carreggiata a senso unico di marcia;Asciutto;Asfaltata;Verticale ed orizzontale;Sereno;Normale;Buona;Ore Diurne;0;0;0;3;12.27776;41.75266;-1;2;Autovettura privata;In marcia / fermata / arresto;Conducente;F;Illeso;0;;Non accertato;Inesploso
3188059;13;21/02/2017 15:00;Strada Urbana;VIA LUCIO LEPIDIO;da specificare;;;;fronte civico 7;Scontro frontale/laterale SX fra veicoli in marcia;Rettilineo;Due carreggiate;Asciutto;Asfaltata;Assente;Sereno;Scarso;Sufficiente;Ore Diurne;1;0;0;1;12.28128;41.73336;-1;1;Autovettura privata;In marcia / fermata / arresto;Conducente;M;Rimandato;0;NON DECEDUTO;Non accertato;Inesploso
3188059;13;21/02/2017 15:00;Strada Urbana;VIA LUCIO LEPIDIO;da specificare;;;;fronte civico 7;Scontro frontale/laterale SX fra veicoli in marcia;Rettilineo;Due carreggiate;Asciutto;Asfaltata;Assente;Sereno;Scarso;Sufficiente;Ore Diurne;1;0;0;1;12.28128;41.73336;-1;2;Autobus di linea;In marcia / fermata / arresto;Conducente;M;Illeso;0;;Non accertato;Inesploso
3188064;16;21/02/2017 13:00;Strada Urbana;VIA BERNARDINO RAMAZZINI;all'intersezione semaforizzata con;VIA GIACOMO FOLCHI;VIA GIACOMO FOLCHI;;;Scontro frontale/laterale DX fra veicoli in marcia;Intersezione semaforizzata;Una carreggiata a doppio senso;Asciutto;Asfaltata;Verticale ed orizzontale;Sereno;Normale;Buona;Ore Diurne;0;0;0;2;12.45199;41.86827;-1;1;Autovettura privata;In marcia / fermata / arresto;Conducente;F;Illeso;0;;;
3188064;16;21/02/2017 13:00;Strada Urbana;VIA BERNARDINO RAMAZZINI;all'intersezione semaforizzata con;VIA GIACOMO FOLCHI;VIA GIACOMO FOLCHI;;;Scontro frontale/laterale DX fra veicoli in marcia;Intersezione semaforizzata;Una carreggiata a doppio senso;Asciutto;Asfaltata;Verticale ed orizzontale;Sereno;Normale;Buona;Ore Diurne;0;0;0;2;12.45199;41.86827;-1;2;Autovettura privata;In marcia / fermata / arresto;Conducente;F;Illeso;0;;;
3188067;10;22/02/2017 08:25;Strada Urbana;VIA DEL PONTE DELLE SETTE MIGLIA;all'intersezione con;VIA LEOPOLDO MICUCCI;VIA LEOPOLDO MICUCCI;;;Scontro frontale/laterale DX fra veicoli in marcia;Incrocio;Una carreggiata a doppio senso;Asciutto;Asfaltata;Verticale ed orizzontale;Sereno;Normale;Sufficiente;Ore Diurne;1;0;0;1;12.6009;41.83744;-1;1;Motociclo a solo;In marcia / fermata / arresto;Conducente;M;Rifiuta cure immediate;0;NON DECEDUTO;Non accertato;
3188067;10;22/02/2017 08:25;Strada Urbana;VIA DEL PONTE DELLE SETTE MIGLIA;all'intersezione con;VIA LEOPOLDO MICUCCI;VIA LEOPOLDO MICUCCI;;;Scontro frontale/laterale DX fra veicoli in marcia;Incrocio;Una carreggiata a doppio senso;Asciutto;Asfaltata;Verticale ed orizzontale;Sereno;Normale;Sufficiente;Ore Diurne;1;0;0;1;12.6009;41.83744;-1;2;Autovettura privata;In marcia / fermata / arresto;Conducente;F;Illeso;0;;Non accertato;Inesploso
3188074;4;21/02/2017 19:00;Strada Urbana;VIA CARLO LORENZINI;in corrispondenza;;del civico n.;83;;Veicolo in marcia contro veicolo fermo;Curva a visuale libera;Una carreggiata a doppio senso;Asciutto;Asfaltata;Verticale ed orizzontale;Sereno;Scarso;Insufficiente;Sufficiente;0;0;0;2;12.55408;41.94567;-1;1;Autovettura privata;In marcia / fermata / arresto;Conducente;M;Illeso;0;;Non accertato;Inesploso
3188074;4;21/02/2017 19:00;Strada Urbana;VIA CARLO LORENZINI;in corrispondenza;;del civico n.;83;;Veicolo in marcia contro veicolo fermo;Curva a visuale libera;Una carreggiata a doppio senso;Asciutto;Asfaltata;Verticale ed orizzontale;Sereno;Scarso;Insufficiente;Sufficiente;0;0;0;2;12.55408;41.94567;-1;2;Autobus di linea;In marcia / fermata / arresto;Conducente;M;Illeso;0;;Non accertato;Inesploso
3188078;13;21/02/2017 16:30;Strada Urbana;VIA CARLO CASINI;all'intersezione con;VIA CALLISTO CARAVARIO;VIA CALLISTO CARAVARIO;;;Scontro frontale/laterale SX fra veicoli in marcia;Incrocio;Una carreggiata a senso unico di marcia;Asciutto;Asfaltata;Verticale;Sereno;Normale;Buona;Ore Diurne;1;0;0;3;12.33742;41.78232;-1;1;Autovettura privata;In marcia / fermata / arresto;Conducente;M;Illeso;0;;Non accertato;Inesploso
3188078;13;21/02/2017 16:30;Strada Urbana;VIA CARLO CASINI;all'intersezione con;VIA CALLISTO CARAVARIO;VIA CALLISTO CARAVARIO;;;Scontro frontale/laterale SX fra veicoli in marcia;Incrocio;Una carreggiata a senso unico di marcia;Asciutto;Asfaltata;Verticale;Sereno;Normale;Buona;Ore Diurne;1;0;0;3;12.33742;41.78232;-1;1;Autovettura privata;In marcia / fermata / arresto;Passeggero;F;Rimandato;0;NON DECEDUTO;Non accertato;Inesploso
3188078;13;21/02/2017 16:30;Strada Urbana;VIA CARLO CASINI;all'intersezione con;VIA CALLISTO CARAVARIO;VIA CALLISTO CARAVARIO;;;Scontro frontale/laterale SX fra veicoli in marcia;Incrocio;Una carreggiata a senso unico di marcia;Asciutto;Asfaltata;Verticale;Sereno;Normale;Buona;Ore Diurne;1;0;0;3;12.33742;41.78232;-1;1;Autovettura privata;In marcia / fermata / arresto;Passeggero;F;Illeso;0;;Non accertato;Inesploso
3188078;13;21/02/2017 16:30;Strada Urbana;VIA CARLO CASINI;all'intersezione con;VIA CALLISTO CARAVARIO;VIA CALLISTO CARAVARIO;;;Scontro frontale/laterale SX fra veicoli in marcia;Incrocio;Una carreggiata a senso unico di marcia;Asciutto;Asfaltata;Verticale;Sereno;Normale;Buona;Ore Diurne;1;0;0;3;12.33742;41.78232;-1;2;Autovettura privata;In marcia / fermata / arresto;Conducente;M;Illeso;0;;Non accertato;Inesploso
3188104;19;21/02/2017 11:50;Strada Urbana;GALLERIA GIOVANNI XXIII;da specificare;;;;km 1,300;Ribaltamento senza urto contro ostacolo fisso;Galleria illuminata;Una carreggiata a senso unico di marcia;Asciutto;Asfaltata;Verticale ed orizzontale;Sereno;Normale;Buona;Ore Diurne;1;0;0;0;12.43905;41.93995;-1;1;Autovettura privata;In marcia / fermata / arresto;Conducente;F;Rifiuta cure immediate;0;NON DECEDUTO;Non accertato;Inesploso
3188108;4;21/02/2017 06:45;Strada Urbana;VIA DELLA BUFALOTTA;in prossimità;;del civico n.;590;;Tamponamento Multiplo;Curva a visuale libera;Una carreggiata a doppio senso;Ghiacciato;Asfaltata;Verticale ed orizzontale;Sereno;Normale;Buona;Sufficiente;1;0;0;7;12.54779;41.96247;-1;1;Autocarro inferiore 35 q.;In marcia / fermata / arresto;Conducente;M;Illeso;0;;;
3188108;4;21/02/2017 06:45;Strada Urbana;VIA DELLA BUFALOTTA;in prossimità;;del civico n.;590;;Tamponamento Multiplo;Curva a visuale libera;Una carreggiata a doppio senso;Ghiacciato;Asfaltata;Verticale ed orizzontale;Sereno;Normale;Buona;Sufficiente;1;0;0;7;12.54779;41.96247;-1;1;Autocarro inferiore 35 q.;In marcia / fermata / arresto;Passeggero;M;Illeso;0;;;
3188108;4;21/02/2017 06:45;Strada Urbana;VIA DELLA BUFALOTTA;in prossimità;;del civico n.;590;;Tamponamento Multiplo;Curva a visuale libera;Una carreggiata a doppio senso;Ghiacciato;Asfaltata;Verticale ed orizzontale;Sereno;Normale;Buona;Sufficiente;1;0;0;7;12.54779;41.96247;-1;2;Autovettura privata;In marcia / fermata / arresto;Conducente;M;Illeso;0;;;
3188108;4;21/02/2017 06:45;Strada Urbana;VIA DELLA BUFALOTTA;in prossimità;;del civico n.;590;;Tamponamento Multiplo;Curva a visuale libera;Una carreggiata a doppio senso;Ghiacciato;Asfaltata;Verticale ed orizzontale;Sereno;Normale;Buona;Sufficiente;1;0;0;7;12.54779;41.96247;-1;2;Autovettura privata;In marcia / fermata / arresto;Passeggero;F;Rifiuta cure immediate;0;NON DECEDUTO;;
3188108;4;21/02/2017 06:45;Strada Urbana;VIA DELLA BUFALOTTA;in prossimità;;del civico n.;590;;Tamponamento Multiplo;Curva a visuale libera;Una carreggiata a doppio senso;Ghiacciato;Asfaltata;Verticale ed orizzontale;Sereno;Normale;Buona;Sufficiente;1;0;0;7;12.54779;41.96247;-1;3;Autovettura privata;In marcia / fermata / arresto;Conducente;M;Illeso;0;;;
3188108;4;21/02/2017 06:45;Strada Urbana;VIA DELLA BUFALOTTA;in prossimità;;del civico n.;590;;Tamponamento Multiplo;Curva a visuale libera;Una carreggiata a doppio senso;Ghiacciato;Asfaltata;Verticale ed orizzontale;Sereno;Normale;Buona;Sufficiente;1;0;0;7;12.54779;41.96247;-1;3;Autovettura privata;In marcia / fermata / arresto;Passeggero;F;Illeso;0;;;
3188108;4;21/02/2017 06:45;Strada Urbana;VIA DELLA BUFALOTTA;in prossimità;;del civico n.;590;;Tamponamento Multiplo;Curva a visuale libera;Una carreggiata a doppio senso;Ghiacciato;Asfaltata;Verticale ed orizzontale;Sereno;Normale;Buona;Sufficiente;1;0;0;7;12.54779;41.96247;-1;4;Autovettura privata;In marcia / fermata / arresto;Conducente;M;Illeso;0;;;
3188108;4;21/02/2017 06:45;Strada Urbana;VIA DELLA BUFALOTTA;in prossimità;;del civico n.;590;;Tamponamento Multiplo;Curva a visuale libera;Una carreggiata a doppio senso;Ghiacciato;Asfaltata;Verticale ed orizzontale;Sereno;Normale;Buona;Sufficiente;1;0;0;7;12.54779;41.96247;-1;5;Autovettura privata;In marcia / fermata / arresto;Conducente;M;Illeso;0;;;
3188118;13;21/02/2017 16:45;Strada Urbana;VIA DI CASTEL FUSANO;da specificare;;;;pressi civ. 210;Tamponamento;Rettilineo;Una carreggiata a doppio senso;Asciutto;Asfaltata;Verticale ed orizzontale;Sereno;Normale;Buona;Ore Diurne;1;0;0;1;12.31188;41.74604;-1;1;Autovettura privata;In marcia / fermata / arresto;Conducente;F;Rimandato;0;NON DECEDUTO;;
3188118;13;21/02/2017 16:45;Strada Urbana;VIA DI CASTEL FUSANO;da specificare;;;;pressi civ. 210;Tamponamento;Rettilineo;Una carreggiata a doppio senso;Asciutto;Asfaltata;Verticale ed orizzontale;Sereno;Normale;Buona;Ore Diurne;1;0;0;1;12.31188;41.74604;-1;2;Autovettura privata;In marcia / fermata / arresto;Conducente;M;Illeso;0;;;
3188119;19;21/02/2017 16:40;Strada Urbana;VIA NICOLO' ALBERGATI;in prossimità;;del civico n.;10;;Scontro frontale/laterale SX fra veicoli in marcia;Rettilineo;Una carreggiata a doppio senso;Asciutto;Asfaltata;Assente;Sereno;Normale;Buona;Ore Diurne;0;0;0;6;12.41632;41.92002;-1;1;Autovettura privata;In marcia / fermata / arresto;Conducente;F;Illeso;0;;;
3188119;19;21/02/2017 16:40;Strada Urbana;VIA NICOLO' ALBERGATI;in prossimità;;del civico n.;10;;Scontro frontale/laterale SX fra veicoli in marcia;Rettilineo;Una carreggiata a doppio senso;Asciutto;Asfaltata;Assente;Sereno;Normale;Buona;Ore Diurne;0;0;0;6;12.41632;41.92002;-1;1;Autovettura privata;In marcia / fermata / arresto;Passeggero;F;Illeso;0;;;
3188119;19;21/02/2017 16:40;Strada Urbana;VIA NICOLO' ALBERGATI;in prossimità;;del civico n.;10;;Scontro frontale/laterale SX fra veicoli in marcia;Rettilineo;Una carreggiata a doppio senso;Asciutto;Asfaltata;Assente;Sereno;Normale;Buona;Ore Diurne;0;0;0;6;12.41632;41.92002;-1;1;Autovettura privata;In marcia / fermata / arresto;Passeggero;M;Illeso;0;;;
3188119;19;21/02/2017 16:40;Strada Urbana;VIA NICOLO' ALBERGATI;in prossimità;;del civico n.;10;;Scontro frontale/laterale SX fra veicoli in marcia;Rettilineo;Una carreggiata a doppio senso;Asciutto;Asfaltata;Assente;Sereno;Normale;Buona;Ore Diurne;0;0;0;6;12.41632;41.92002;-1;1;Autovettura privata;In marcia / fermata / arresto;Passeggero;F;Illeso;0;;;
3188119;19;21/02/2017 16:40;Strada Urbana;VIA NICOLO' ALBERGATI;in prossimità;;del civico n.;10;;Scontro frontale/laterale SX fra veicoli in marcia;Rettilineo;Una carreggiata a doppio senso;Asciutto;Asfaltata;Assente;Sereno;Normale;Buona;Ore Diurne;0;0;0;6;12.41632;41.92002;-1;2;Autovettura privata;In marcia / fermata / arresto;Conducente;M;Illeso;0;;;
3188119;19;21/02/2017 16:40;Strada Urbana;VIA NICOLO' ALBERGATI;in prossimità;;del civico n.;10;;Scontro frontale/laterale SX fra veicoli in marcia;Rettilineo;Una carreggiata a doppio senso;Asciutto;Asfaltata;Assente;Sereno;Normale;Buona;Ore Diurne;0;0;0;6;12.41632;41.92002;-1;2;Autovettura privata;In marcia / fermata / arresto;Passeggero;M;Illeso;0;;;
3188128;4;21/02/2017 10:30;Strada Urbana;VIA NAZZARENO DE ANGELIS;da specificare;;;;prossimità Via V. Talli;Investimento di pedone;Rettilineo;Una carreggiata a doppio senso;Asciutto;Asfaltata;Verticale ed orizzontale;Sereno;Scarso;Buona;Ore Diurne;1;0;0;1;12.52407;41.96428;-1;;;;Pedone;F;Rifiuta cure immediate;0;NON DECEDUTO;;
3188128;4;21/02/2017 10:30;Strada Urbana;VIA NAZZARENO DE ANGELIS;da specificare;;;;prossimità Via V. Talli;Investimento di pedone;Rettilineo;Una carreggiata a doppio senso;Asciutto;Asfaltata;Verticale ed orizzontale;Sereno;Scarso;Buona;Ore Diurne;1;0;0;1;12.52407;41.96428;-1;1;Autovettura privata;In marcia / fermata / arresto;Conducente;M;Illeso;0;;Non accertato;Inesploso
3188133;13;21/02/2017 19:00;Strada Urbana;VIA DI ACILIA;all'intersezione con;VIA GIANFILIPPO USELLINI;VIA GIANFILIPPO USELLINI;;;Scontro frontale/laterale SX fra veicoli in marcia;Incrocio;Una carreggiata a doppio senso;Asciutto;Asfaltata;Verticale ed orizzontale;Sereno;Intenso;Buona;Sufficiente;0;0;0;3;12.37142;41.7737;-1;1;Quadriciclo leggero;In marcia / fermata / arresto;Conducente;M;Illeso;0;;;
3188133;13;21/02/2017 19:00;Strada Urbana;VIA DI ACILIA;all'intersezione con;VIA GIANFILIPPO USELLINI;VIA GIANFILIPPO USELLINI;;;Scontro frontale/laterale SX fra veicoli in marcia;Incrocio;Una carreggiata a doppio senso;Asciutto;Asfaltata;Verticale ed orizzontale;Sereno;Intenso;Buona;Sufficiente;0;0;0;3;12.37142;41.7737;-1;1;Quadriciclo leggero;In marcia / fermata / arresto;Passeggero;M;Illeso;0;;Non accertato;Inesistente
3188133;13;21/02/2017 19:00;Strada Urbana;VIA DI ACILIA;all'intersezione con;VIA GIANFILIPPO USELLINI;VIA GIANFILIPPO USELLINI;;;Scontro frontale/laterale SX fra veicoli in marcia;Incrocio;Una carreggiata a doppio senso;Asciutto;Asfaltata;Verticale ed orizzontale;Sereno;Intenso;Buona;Sufficiente;0;0;0;3;12.37142;41.7737;-1;2;Motociclo a solo;In marcia / fermata / arresto;Conducente;M;Illeso;0;;;
3188138;19;21/02/2017 18:30;Strada Urbana;VIA DI SELVA NERA;all'intersezione con;LARGO INES BEDESCHI;LARGO INES BEDESCHI;;;Scontro frontale/laterale DX fra veicoli in marcia;Incrocio;Una carreggiata a doppio senso;Asciutto;Asfaltata;Orizzontale;Sereno;Normale;Buona;Sufficiente;1;0;0;2;12.3703;41.94321;-1;1;Autovettura privata;In marcia / fermata / arresto;Conducente;M;Illeso;0;;Non accertato;Inesploso
3188138;19;21/02/2017 18:30;Strada Urbana;VIA DI SELVA NERA;all'intersezione con;LARGO INES BEDESCHI;LARGO INES BEDESCHI;;;Scontro frontale/laterale DX fra veicoli in marcia;Incrocio;Una carreggiata a doppio senso;Asciutto;Asfaltata;Orizzontale;Sereno;Normale;Buona;Sufficiente;1;0;0;2;12.3703;41.94321;-1;1;Autovettura privata;In marcia / fermata / arresto;Passeggero;F;Illeso;0;;Non accertato;Inesploso
3188138;19;21/02/2017 18:30;Strada Urbana;VIA DI SELVA NERA;all'intersezione con;LARGO INES BEDESCHI;LARGO INES BEDESCHI;;;Scontro frontale/laterale DX fra veicoli in marcia;Incrocio;Una carreggiata a doppio senso;Asciutto;Asfaltata;Orizzontale;Sereno;Normale;Buona;Sufficiente;1;0;0;2;12.3703;41.94321;-1;2;Motociclo a solo;In marcia / fermata / arresto;Conducente;M;Rifiuta cure immediate;0;NON DECEDUTO;Non accertato;
3188146;6;21/02/2017 17:10;Strada Urbana;VIALE S. GIOVANNI BOSCO;all'intersezione con;PIAZZA S. GIOVANNI BOSCO;PIAZZA S. GIOVANNI BOSCO;;;Veicolo in marcia contro veicolo in sosta;Incrocio;Una carreggiata a senso unico di marcia;Asciutto;Asfaltata;Verticale ed orizzontale;Sereno;Normale;Buona;Ore Diurne;0;0;0;1;12.56338;41.85957;-1;1;Autobus di linea;In marcia / fermata / arresto;Conducente;M;Illeso;0;;;
3188148;4;21/02/2017 20:50;Strada Urbana;VIA DELLA BUFALOTTA;da specificare;;;;altezza via CASTELLANI;Tamponamento Multiplo;Rettilineo;Una carreggiata a doppio senso;Asciutto;Asfaltata;Verticale ed orizzontale;Sereno;Scarso;Buona;Sufficiente;1;0;0;3;12.54978;41.96726;-1;1;Autovettura privata;In marcia / fermata / arresto;Conducente;M;Illeso;0;;Non accertato;
3188148;4;21/02/2017 20:50;Strada Urbana;VIA DELLA BUFALOTTA;da specificare;;;;altezza via CASTELLANI;Tamponamento Multiplo;Rettilineo;Una carreggiata a doppio senso;Asciutto;Asfaltata;Verticale ed orizzontale;Sereno;Scarso;Buona;Sufficiente;1;0;0;3;12.54978;41.96726;-1;1;Autovettura privata;In marcia / fermata / arresto;Passeggero;F;Illeso;0;;Non accertato;
3188148;4;21/02/2017 20:50;Strada Urbana;VIA DELLA BUFALOTTA;da specificare;;;;altezza via CASTELLANI;Tamponamento Multiplo;Rettilineo;Una carreggiata a doppio senso;Asciutto;Asfaltata;Verticale ed orizzontale;Sereno;Scarso;Buona;Sufficiente;1;0;0;3;12.54978;41.96726;-1;2;Autovettura privata;In marcia / fermata / arresto;Conducente;M;Rimandato;0;NON DECEDUTO;Non accertato;
3188148;4;21/02/2017 20:50;Strada Urbana;VIA DELLA BUFALOTTA;da specificare;;;;altezza via CASTELLANI;Tamponamento Multiplo;Rettilineo;Una carreggiata a doppio senso;Asciutto;Asfaltata;Verticale ed orizzontale;Sereno;Scarso;Buona;Sufficiente;1;0;0;3;12.54978;41.96726;-1;3;Autovettura privata;In marcia / fermata / arresto;Conducente;M;Illeso;0;;Non accertato;
3188163;1;21/02/2017 14:00;Strada Urbana;VIA VITTORIO VENETO;in prossimità;;del civico n.;24;;Scontro frontale/laterale SX fra veicoli in marcia;Rettilineo;Una carreggiata a doppio senso;Asciutto;Asfaltata;Verticale ed orizzontale;Sereno;Normale;Buona;Ore Diurne;4;0;0;1;12.4877;41.9049;-1;1;Autobus di linea;In marcia / fermata / arresto;Conducente;M;Illeso;0;;;